include	status	name	cat	variants	flags	replaces	near	source_title	url
y	new	British Army 0000s 58 Set Yoke	Bags / Webbing	1	date-unknown			British Army 58 Pattern Webbing Yoke & Pouch Set - Medium	https://lambrino.co.uk/products/british-army-58-pattern-webbing-yoke-pouch-set
y	new	British Army 0000s Desert DPM Body Armour Cover Vest	Bags / Webbing	1	date-unknown			British Army Desert DPM Camouflage Body Armour Cover Vest - X Large 190/120	https://lambrino.co.uk/products/british-army-desert-dpm-camouflage-body-armour-cover-vest
y	new	British Army 0000s Green S6 Gas Mask Haversack Vest	Bags / Webbing	1	date-unknown,type-from-product-type			British Army Green S6 Gas Mask Haversack	https://lambrino.co.uk/products/british-army-green-gas-mask-haversack
y	new	British Army 0000s Kit Laundry Bag	Bags / Webbing	1	date-unknown			British Army Vintage Kit / Laundry Bag	https://lambrino.co.uk/products/british-army-vintage-kit-linen-bag
y	new	British Army 0000s Mercian Regiment Webbing	Bags / Webbing	1	date-unknown			British Army Mercian Regiment Webbing Belt - W43"	https://lambrino.co.uk/products/british-army-royal-anglian-regiment-webbing-belt
y	new	British Army 0000s PTI 1954 Vest	Bags / Webbing	3	date-unknown			British Army PTI Vest 1954 Pattern - Medium	https://lambrino.co.uk/products/british-army-pti-vest-1954-pattern-medium
y	new	British Army 0000s PTI Vest	Bags / Webbing	19	date-unknown			British Army PTI Vest - Medium 97cm	https://lambrino.co.uk/products/british-army-pti-vest-15
y	new	British Army 0000s Protective Leather Jerkin Vest	Bags / Webbing	3	date-unknown			British Army Protective Leather Jerkin Vest - Large 180/104	https://lambrino.co.uk/products/british-army-protective-leather-jerkin-vest-1
y	new	British Army 0000s S2000 DPM Woodland 100L Convulted Rucksack	Bags / Webbing	1	date-unknown			British Army S2000 DPM Woodland Camouflage 100L Short Convulted Rucksack	https://lambrino.co.uk/products/british-army-s2000-dpm-woodland-camouflage-110l-short-convulted-rucksack
y	new	British Army 0000s S2000 DPM Woodland 30L Patrol Pack Rucksack	Bags / Webbing	2	date-unknown			British Army S2000 DPM Woodland Camouflage 30L Patrol Pack Rucksack	https://lambrino.co.uk/products/british-army-s2000-dpm-woodland-camouflage-30l-patrol-pack-rucksack-1
y	new	British Army 0000s Warm Weather Sleeping with Compression Sack Bag	Bags / Webbing	1	date-unknown			British Army Warm Weather Sleeping Bag w/ Compression Sack	https://lambrino.co.uk/products/british-army-warm-weather-sleeping-bag-w-compression-sack
y	new	British Army 0000s Weight 3 Season Mummy Sleeping Bag	Bags / Webbing	1	date-unknown			British Army Medium Weight 3 Season "Mummy" Sleeping Bag	https://lambrino.co.uk/products/british-army-medium-weight-mummy-sleeping-bag
y	new	British Army 1970s 35 x 15 Olive Green Kit Bag	Bags / Webbing	1				British Army 70s Olive Green Kit Bag - 35 x 15"	https://lambrino.co.uk/products/british-army-70s-olive-green-kit-bag
y	new	British Army 1990s DPM Woodland Body Armour Cover Vest	Bags / Webbing	1				British Army S95 DPM Woodland Camouflage Body Armour Cover Vest - Large 180/104	https://lambrino.co.uk/products/british-army-dpm-woodland-camouflage-body-armour-cover-vest
y	new	British Army 2010s Body Armour Cover Vest	Bags / Webbing	6				British Army MTP Camouflage Body Armour Cover Vest - Large 170/112	https://lambrino.co.uk/products/british-army-mtp-camouflage-body-armour-cover-vest-4
y	new	British Army 2010s Cover Rucksack	Bags / Webbing	1				British Army MTP Camouflage Rucksack Cover - Large	https://lambrino.co.uk/products/british-army-mtp-camouflage-rucksack-cover-large
y	new	British RAF 0000s PTI Vest	Bags / Webbing	24	date-unknown			British RAF PTI Vest - Medium	https://lambrino.co.uk/products/british-raf-pti-vest-22
y	new	British Army 0000s .5 HAIX Goretex Leather Reinforced Brown Scout Boots	Footwear	2	date-unknown			British Army HAIX Goretex Leather Reinforced Brown Scout Boots - Size 6.5	https://lambrino.co.uk/products/british-army-haix-goretex-leather-reinforced-brown-scout-boots-size
y	new	British Army 0000s 1950's Highland Regiment Gaiters Spats Boots	Footwear	1	date-unknown,type-from-product-type			British Army 1950's Highland Regiment Gaiters Spats	https://lambrino.co.uk/products/british-army-highland-gaiters-spats
y	new	British Army 0000s AKU Black Combat Boots	Footwear	5	date-unknown			British Army AKU Black Combat Boots - Size 8M	https://lambrino.co.uk/products/british-army-aku-black-combat-boots-size-4
y	new	British Army 0000s AKU Brown Combat Boots	Footwear	10	date-unknown			British Army AKU Brown Combat Boots - Size 5M	https://lambrino.co.uk/products/british-army-aku-brown-combat-boots-size-10
y	new	British Army 0000s Altberg Brown Combat Boots	Footwear	1	date-unknown			British Army Altberg Brown Combat Boots - Size 7	https://lambrino.co.uk/products/british-army-altberg-brown-combat-boots-size
y	new	British Army 0000s Altberg Defender Black Combat Boots	Footwear	9	date-unknown			British Army Altberg Defender Black Combat Boots - Size 10M	https://lambrino.co.uk/products/british-army-altberg-defender-black-combat-boots-size-6
y	new	British Army 0000s Altberg Defender Brown Combat Boots	Footwear	14	date-unknown			British Army Altberg Defender Brown Combat Boots - Size 11M	https://lambrino.co.uk/products/british-army-altberg-defender-brown-combat-boots-size-11m
y	new	British Army 0000s Bates Brown Patrol Boots	Footwear	1	date-unknown			British Army Bates Brown Patrol Boots - Size 13M	https://lambrino.co.uk/products/british-army-bates-brown-patrol-boots-size
y	new	British Army 0000s Black Ammo Boots	Footwear	1	date-unknown			British Army Black Ammo Boots - Size 9M	https://lambrino.co.uk/products/british-army-black-dress-boots
y	new	British Army 0000s Black Dress Shoes	Footwear	1	date-unknown			British Army Black Dress Shoes - Size 11	https://lambrino.co.uk/products/british-army-black-dress-shoes-size-11
y	new	British Army 0000s Black George with Spurs Boots	Footwear	1	date-unknown			British Army Black George Boots w/ Spurs - Size 10	https://lambrino.co.uk/products/british-army-black-george-boots-w-spurs
y	new	British Army 0000s GS DPM Gaiters Boots	Footwear	1	date-unknown,type-from-product-type			British Army GS DPM Camouflage Gaiters	https://lambrino.co.uk/products/british-army-gs-dpm-camouflage-gaiters
y	new	British Army 0000s HAIX Brown Combat Boots	Footwear	1	date-unknown,fabric-unknown			British Army HAIX Brown Combat Boots - Size 10M	https://lambrino.co.uk/products/british-army-haix-brown-desert-combat-boots-size
y	new	British Army 0000s HAIX Brown Combat Leather Boots	Footwear	4	date-unknown			British Army HAIX Brown Combat Boots - Size 9M	https://lambrino.co.uk/products/british-army-haix-brown-combat-boots-size-3
y	new	British Army 0000s HAIX Brown Desert Combat Boots	Footwear	2	date-unknown,fabric-unknown			British Army HAIX Brown Desert Combat Boots - Size 8W	https://lambrino.co.uk/products/british-army-haix-brown-combat-boots-size-4
y	new	British Army 0000s HAIX Goretex Leather Reinforced Brown Scout Boots	Footwear	1	date-unknown			British Army HAIX Goretex Leather Reinforced Brown Scout Boots - Size 5	https://lambrino.co.uk/products/british-army-haix-goretex-brown-scout-boots
y	new	British Army 0000s Iturri Brown Cold Wet Weather Combat Boots	Footwear	5	date-unknown			British Army Iturri Brown Cold Wet Weather Combat Boots - Size 8M	https://lambrino.co.uk/products/british-army-iturri-brown-cold-wet-weather-combat-boots-size-5
y	new	British Army 0000s Iturri Brown Combat Goretex Boots	Footwear	3	date-unknown			British Army Iturri Brown Combat Boots - Size 7M	https://lambrino.co.uk/products/british-army-iturri-brown-combat-boots-size-2
y	new	British Army 0000s Iturri Brown Combat Leather Boots	Footwear	1	date-unknown			British Army Iturri Brown Combat Boots - Size 9	https://lambrino.co.uk/products/british-army-iturri-brown-combat-boots-size-9
y	new	British Army 0000s Iturri Brown Desert Combat Boots	Footwear	2	date-unknown,fabric-unknown			British Army Iturri Brown Desert Combat Boots - Size 9M	https://lambrino.co.uk/products/british-army-iturri-brown-desert-combat-boots-size-1
y	new	British Army 0000s Iturri Brown Desert Patrol Boots	Footwear	2	date-unknown			British Army Iturri Brown Desert Patrol Boots - Size 9M	https://lambrino.co.uk/products/british-army-iturri-brown-desert-patrol-boots-size-1
y	new	British Army 0000s L AKU Brown Combat Boots	Footwear	1	date-unknown			British Army AKU Brown Combat Boots - Size 10 L	https://lambrino.co.uk/products/british-army-aku-brown-combat-boots-size-5
y	new	British Army 0000s L Altberg Defender Brown Combat Boots	Footwear	2	date-unknown			British Army Altberg Defender Brown Combat Boots - Size 10 L	https://lambrino.co.uk/products/british-army-altberg-defender-brown-combat-boots-size-7
y	new	British Army 0000s L Iturri Brown Cold Wet Weather Combat Boots	Footwear	1	date-unknown			British Army Iturri Brown Cold Wet Weather Combat Boots - Size 12 L	https://lambrino.co.uk/products/british-army-iturri-brown-cold-wet-weather-combat-boots-size-1
y	new	British Army 0000s Lowa Desert Combat Boots	Footwear	1	date-unknown			British Army Lowa Desert Combat Boots - Size 10	https://lambrino.co.uk/products/british-army-lowa-desert-combat-boots-size
y	new	British Army 0000s Magnum Amazon 5 Desert Combat Boots	Footwear	2	date-unknown			British Army Magnum Amazon 5 Desert Combat Boots - Size 9L	https://lambrino.co.uk/products/british-army-magnum-amazon-5-desert-combat-boots-size-9l
y	new	British Army 0000s Magnum Elite II Black Combat Boots	Footwear	1	date-unknown			British Army Magnum Elite II Black Combat Boots - Size 11	https://lambrino.co.uk/products/british-army-magnum-elite-ii-black-combat-boots-size-11
y	new	British Army 0000s Meindl Desert Combat Boots	Footwear	1	date-unknown			British Army Meindl Desert Combat Boots - Size 9	https://lambrino.co.uk/products/british-army-meindl-desert-combat-boots-size
y	new	British Army 0000s Mk II DPM Gaiters Boots	Footwear	2	date-unknown,type-from-product-type			British Army Mk II DPM Camouflage Gaiters	https://lambrino.co.uk/products/british-army-mk-ii-dpm-camouflage-gaiters
y	new	British Army 0000s SealSkinz Waterproof Socks Boots	Footwear	5	date-unknown,type-from-product-type			British Army SealSkinz Waterproof Socks - Large 10-14	https://lambrino.co.uk/products/british-army-sealskinz-waterproof-socks-large-10-17
y	new	British Army 0000s WP Brown Jungle Combat Boots	Footwear	1	date-unknown			British Army WP Brown Jungle Combat Boots - Size 8M	https://lambrino.co.uk/products/british-army-wp-brown-jungle-combat-boots-size
y	new	British Army 0000s Women's Altberg Defender Black Combat Boots	Footwear	2	date-unknown			British Army Altberg Defender Black Combat Boots - Women's Size 7L	https://lambrino.co.uk/products/british-army-altberg-defender-black-combat-boots-womens-size-1
y	new	British Army 0000s Women's HAIX Brown Combat Boots	Footwear	2	date-unknown			British Army HAIX Brown Combat Boots - Women's Size 6M	https://lambrino.co.uk/products/british-army-haix-brown-combat-boots-womens-size-1
y	new	British Army 0000s YDS Kestrel Brown Patrol Boots	Footwear	1	date-unknown			British Army YDS Kestrel Brown Patrol Boots - Size 9M	https://lambrino.co.uk/products/british-army-yds-kestrel-brown-patrol-boots-size
y	new	British RAF 0000s 70's Black Dress Shoes	Footwear	1	date-unknown			British RAF 70's Black Dress Shoes - Size 10	https://lambrino.co.uk/products/british-raf-black-dress-shoes-size-10
y	new	British Army 0000s 8.5 Cotton Hospital Gloves	Hardware / Misc	1	date-unknown			British Army Cotton Hospital Gloves - 8.5 Large	https://lambrino.co.uk/products/british-army-cotton-hospital-gloves
y	new	British Army 0000s Adjutant General Corps Stable Belt	Hardware / Misc	4	date-unknown			British Army Stable Belt - Adjutant General Corps - Medium	https://lambrino.co.uk/products/british-army-stable-belt-adjutant-general-corps-medium
y	new	British Army 0000s Black Leather Belt	Hardware / Misc	2	date-unknown			British Army Black Leather Belt - Large / X Large SIZE 5	https://lambrino.co.uk/products/british-army-black-leather-belt-1
y	new	British Army 0000s Black Leather Sam Browne Shoulder Strap Belt	Hardware / Misc	1	date-unknown			British Army Black Leather Sam Browne Belt Shoulder Strap - L36	https://lambrino.co.uk/products/british-army-black-leather-sam-browne-belt-shoulder-strap-l
y	new	British Army 0000s Black Sam Browne's Leather Belt	Hardware / Misc	1	date-unknown			British Army Black Sam Browne's Leather Belt - Large	https://lambrino.co.uk/products/british-army-black-sam-brownes-leather-belt
y	new	British Army 0000s Blue No.5 Ceremonial Sword Sling Belt	Hardware / Misc	1	date-unknown			British Army Blue No. 5 Ceremonial Sword Sling Belt - Small / Medium	https://lambrino.co.uk/products/british-army-blue-no-5-ceremonial-sword-sling-belt
y	new	British Army 0000s Brown Leather Sam Browne Shoulder Strap Belt	Hardware / Misc	1	date-unknown			British Army Brown Leather Sam Browne Belt Shoulder Strap - Size 6	https://lambrino.co.uk/products/british-army-brown-leather-sam-browne-belt-shoulder-strap
y	new	British Army 0000s Brown Sam Browne's Leather Belt	Hardware / Misc	3	date-unknown			British Army Brown Sam Browne's Leather Belt - Large	https://lambrino.co.uk/products/british-army-brown-sam-brownes-leather-belt-2
y	new	British Army 0000s Dark Brown Leather Belt	Hardware / Misc	2	date-unknown			British Army Dark Brown Leather Belt - Large	https://lambrino.co.uk/products/british-army-dark-brown-leather-belt
y	new	British Army 0000s Dark Brown Leather Sam Browne Shoulder Strap Belt	Hardware / Misc	1	date-unknown			British Army Dark Brown Leather Sam Browne Belt Shoulder Strap - Size 6 L42"	https://lambrino.co.uk/products/british-army-dark-brown-leather-sam-browne-belt-shoulder-strap
y	new	British Army 0000s Desert DPM Warm Weather Leather Gloves	Hardware / Misc	1	date-unknown			British Army Desert DPM Camouflage Warm Weather Leather Gloves - X Large SIZE 10	https://lambrino.co.uk/products/british-army-desert-dpm-camouflage-warm-weather-leather-gloves
y	new	British Army 0000s Dress Braces Suspenders Item	Hardware / Misc	1	date-unknown,type-from-product-type			British Army Dress Braces / Suspenders	https://lambrino.co.uk/products/british-army-braces-suspenders
y	new	British Army 0000s Gold Gilt Sword Sling Item	Hardware / Misc	1	date-unknown,type-from-product-type,fabric-unknown			British Army Gold Gilt Sword Sling L32"	https://lambrino.co.uk/products/british-army-gold-gilt-sword-sling
y	new	British Army 0000s Gold Gilt Sword Sling Strap Item	Hardware / Misc	10	date-unknown,type-from-product-type			British Army Gold Gilt Sword Sling Strap - L28	https://lambrino.co.uk/products/british-army-gold-gilt-sword-sling-strap-10
y	new	British Army 0000s Household Cavalry Officer's White Dress Belt	Hardware / Misc	1	date-unknown			British Army Household Cavalry Officer's White Dress Belt - Medium	https://lambrino.co.uk/products/british-army-white-dress-belt
y	new	British Army 0000s Mercian Regiment White Dress Belt	Hardware / Misc	1	date-unknown,fabric-unknown			British Army White Dress Belt - Mercian Regiment - Medium	https://lambrino.co.uk/products/british-army-white-dress-belt-mercian-regiment
y	new	British Army 0000s No.2 Dress All Ranks Stone Knitted Tie	Hardware / Misc	1	date-unknown			British Army No 2 Dress All Ranks Stone Knitted Tie	https://lambrino.co.uk/products/british-army-no-2-dress-all-ranks-stone-knitted-tie
y	new	British Army 0000s No.2 Dress Barracks Brown FAD with Staybrite Buckle Belt	Hardware / Misc	1	date-unknown			British Army No2 Dress Barracks Brown FAD Belt w/ Staybrite Buckle	https://lambrino.co.uk/products/british-army-no2-dress-barracks-brown-belt
y	new	British Army 0000s No.6 Uniform Dress Women's Slacks Item	Hardware / Misc	1	date-unknown,type-from-product-type			British Army No. 6 Uniform Dress Women's Slacks - W29 L33	https://lambrino.co.uk/products/british-army-no-6-uniform-dress-womens-slacks
y	new	British Army 0000s Oxblood Leather Belt	Hardware / Misc	1	date-unknown			British Army Oxblood Leather Belt - Large	https://lambrino.co.uk/products/british-army-oxblood-leather-belt
y	new	British Army 0000s Oxblood Leather Sam Browne Shoulder Strap Belt	Hardware / Misc	3	date-unknown			British Army Oxblood Leather Sam Browne Belt Shoulder Strap - L39	https://lambrino.co.uk/products/british-army-oxblood-leather-sam-browne-belt-shoulder-strap-l-1
y	new	British Army 0000s Oxblood Sam Browne's Leather Belt	Hardware / Misc	2	date-unknown			British Army Oxblood Sam Browne's Leather Belt - Medium / Large	https://lambrino.co.uk/products/british-army-oxblood-sam-brownes-leather-belt
y	new	British Army 0000s PTI Instructor Stable Belt	Hardware / Misc	1	date-unknown,fabric-unknown			British Army Stable Belt - PTI Instructor - Medium	https://lambrino.co.uk/products/british-army-stable-belt-pti-instructor
y	new	British Army 0000s Red Ceremonial Sash Item	Hardware / Misc	1	date-unknown,type-from-product-type			British Army Vintage Red Ceremonial Sash	https://lambrino.co.uk/products/british-army-vintage-red-ceremonial-sash
y	new	British Army 0000s Royal Academy Sandhurst Stable Belt	Hardware / Misc	1	date-unknown,fabric-unknown			British Army Royal Military Academy Sandhurst Stable Belt - Small	https://lambrino.co.uk/products/british-army-royal-military-academy-sandhurst-stable-belt
y	new	British Army 0000s Royal Highland Fusiliers Brown PVC Belt	Hardware / Misc	1	date-unknown,fabric-unknown			British Army Brown PVC Belt - Royal Highland Fusiliers - Small / Medium	https://lambrino.co.uk/products/british-army-brown-pvc-belt-queens-own-highlanders
y	new	British Army 0000s Royal Logistic Corps Stable Belt	Hardware / Misc	1	date-unknown			British Army Stable Belt - Royal Logistic Corps - Medium	https://lambrino.co.uk/products/british-army-stable-belt
y	new	British Army 0000s Royal Observer Corps Stable Belt	Hardware / Misc	1	date-unknown,fabric-unknown			British Army Royal Observer Corps Stable Belt	https://lambrino.co.uk/products/british-army-royal-observer-corps-stable-belt
y	new	British Army 0000s Royal Regiment of Scotland Sporran with Belt	Hardware / Misc	1	date-unknown			British Army Royal Regiment of Scotland Sporran w/ Belt	https://lambrino.co.uk/products/british-army-royal-regiment-of-scotland-sporran-w-belt
y	new	British Army 0000s Royal Regiment of Scotland White Dress Belt	Hardware / Misc	1	date-unknown,fabric-unknown			British Army White Dress Belt - Royal Regiment of Scotland - Small	https://lambrino.co.uk/products/british-army-white-dress-belt-royal-regiment-of-scotland
y	new	British Army 0000s Stable Belt	Hardware / Misc	1	date-unknown			British Army Stable Belt - Small / Medium	https://lambrino.co.uk/products/british-army-stable-belt-2
y	new	British Army 0000s The Rifles Black Plastic Sword Belt	Hardware / Misc	1	date-unknown,fabric-unknown			British Army Black Plastic Belt Sword - The Rifles - Medium	https://lambrino.co.uk/products/british-army-black-plastic-belt-sword-the-rifles
y	new	British Army 0000s White Belt	Hardware / Misc	1	date-unknown			British Army White Belt - Medium / Large	https://lambrino.co.uk/products/british-army-white-belt
y	new	British Army 0000s White Ceremonial SA80 Scabbard Frog Item	Hardware / Misc	1	date-unknown,type-from-product-type			British Army White Ceremonial SA80 Scabbard Frog	https://lambrino.co.uk/products/british-army-white-scabbard
y	new	British Army 0000s White Dress Belt	Hardware / Misc	3	date-unknown,fabric-unknown			British Army White Dress Belt - Medium	https://lambrino.co.uk/products/british-army-white-dress-belt-3
y	new	British Army 0000s White Dress with Frog Scabbard Belt	Hardware / Misc	1	date-unknown,fabric-unknown			British Army White Dress Belt w/ Frog Scabbard - Large	https://lambrino.co.uk/products/british-army-white-dress-belt-w-frog-scabbard
y	new	British Army 1990s SAS Gulf War Water Bladder Chagal Item	Hardware / Misc	1	type-from-product-type			British Army 90s SAS Issue Gulf War Water Bladder Chagal	https://lambrino.co.uk/products/british-army-90s-gulf-war-water-bladder
y	new	British Army 2010s 1KG Bulk Pack Scrim Garnish Pack Item	Hardware / Misc	1	type-from-product-type,fabric-unknown			British Army MTP Camouflage Scrim Garnish Pack - 1KG Bulk Pack	https://lambrino.co.uk/products/british-army-mtp-camouflage-scrim-garnish-pack-1kg-bulk-pack
y	new	British Army 2010s Scrim Garnish Pack Item	Hardware / Misc	1	type-from-product-type,fabric-unknown			British Army MTP Camouflage Scrim Garnish Pack	https://lambrino.co.uk/products/british-army-mtp-camouflage-scrim-garnish-pack
y	new	British Army 2010s Warm Weather Leather Gloves	Hardware / Misc	1				British Army MTP Camouflage Warm Weather Leather Gloves - Medium SIZE 7	https://lambrino.co.uk/products/british-army-mtp-camouflage-warm-weather-leather-gloves
y	new	British MoD 0000s Home Office Clip On Tie	Hardware / Misc	1	date-unknown			British MoD Home Office Navy Clip On Tie	https://lambrino.co.uk/products/british-mod-home-office-navy-clip-on-tie
y	new	British RAF 0000s Cold Weather Gloves	Hardware / Misc	1	date-unknown			British Royal Air Force Cold Weather Gloves - Small Medium	https://lambrino.co.uk/products/british-royal-air-force-cold-weather-gloves-small-medium
y	new	British RAF 0000s Regiment Stable Belt	Hardware / Misc	1	date-unknown			British RAF Regiment Stable Belt - L36	https://lambrino.co.uk/products/british-raf-regiment-stable-belt
y	new	British RAF 1940s Blue Mess Dress Cummerbund Item	Hardware / Misc	1	type-from-product-type,fabric-unknown			British RAF 40s Blue Mess Dress Cummerbund - Small	https://lambrino.co.uk/products/british-raf-blue-mess-dress-cummerbund
y	new	British Royal Marines 0000s Lovat No.5 Dress Belt	Hardware / Misc	1	date-unknown			British Royal Marines Lovat No 5 Dress Belt - L34	https://lambrino.co.uk/products/british-royal-marines-lovat-no-5-dress-belt
y	new	British Royal Marines 0000s Scarlet Mess Dress Cummerbund Item	Hardware / Misc	2	date-unknown,type-from-product-type,fabric-unknown			British Royal Marines Scarlet Mess Dress Cummerbund - Large 96-106cm	https://lambrino.co.uk/products/british-royal-marines-scarlet-mess-dress-cummerbund-1
y	new	British Royal Navy 0000s Black Mess Dress Cummerbund Item	Hardware / Misc	1	date-unknown,type-from-product-type,fabric-unknown			British Royal Navy Black Mess Dress Cummerbund - Small 76-86cm	https://lambrino.co.uk/products/british-royal-navy-black-mess-dress-cummerbund
y	new	British Royal Navy 0000s Gold Gilt Sword Sling Strap Item	Hardware / Misc	2	date-unknown,type-from-product-type			British Navy Gold Gilt Sword Sling Strap - L29	https://lambrino.co.uk/products/british-navy-gold-gilt-sword-sling-strap
y	new	British Royal Navy 0000s Stable Belt	Hardware / Misc	2	date-unknown			British Royal Navy Stable Belt - Medium	https://lambrino.co.uk/products/british-royal-navy-stable-belt-medium
y	new	British Royal Navy 1940s Denim Blue Ratings Collar Item	Hardware / Misc	1	type-from-product-type			British Royal Navy WW2 Denim Blue Ratings Collar	https://lambrino.co.uk/products/british-royal-navy-ww2-jean-blue-ratings-collar
y	new	British Royal Navy 1940s Jean Blue Ratings Collar Cotton Item	Hardware / Misc	1	type-from-product-type			British Royal Navy WW2 Jean Blue Ratings Collar	https://lambrino.co.uk/products/british-royal-navy-ww2-jean-blue-ratings-collar-1
y	new	British Royal Navy 1940s Jean Blue Ratings Collar Denim Item	Hardware / Misc	1	type-from-product-type			British Royal Navy WW2 Jean Blue Ratings Collar	https://lambrino.co.uk/products/british-royal-navy-ww2-jean-blue-ratings-collar-2
y	new	British Royal Navy 1940s Sabre Belt	Hardware / Misc	1				British Royal Navy WW2 Sabre Belt - Small	https://lambrino.co.uk/products/british-royal-navy-sabre-belt
y	new	British 0000s WRAF Officer's Dress Cap	Headwear	1	date-unknown			British WRAF Officer's Dress Cap - X Small 54cm	https://lambrino.co.uk/products/british-wraf-dress-cap
y	new	British Army 0000s 1940's Dress Cap	Headwear	2	date-unknown			British Army 1940's Dress Cap - Medium	https://lambrino.co.uk/products/british-army-1940s-dress-cap-medium
y	new	British Army 0000s 1st Queen's Dragoon Guards with Badge Beret	Headwear	1	date-unknown			British Army Navy Beret w/ Badge - 1st Queen's Dragoon Guards - Medium 58cm	https://lambrino.co.uk/products/british-army-navy-beret-w-badge-1st-queens-dragoon-guards
y	new	British Army 0000s ? Dust Cover Cap	Headwear	1	date-unknown			British Army? Vintage Cap Dust Cover - Small / Medium	https://lambrino.co.uk/products/british-army-vintage-cap-dust-cover
y	new	British Army 0000s Adjutant General's Corps with Badge Beret	Headwear	1	date-unknown			British Army Beret w/ Badge - Adjutant General's Corps - Small 55cm	https://lambrino.co.uk/products/british-army-beret-w-badge-adjutant-generals-corps
y	new	British Army 0000s Adjutant General's Corps with Patch Beret	Headwear	1	date-unknown			British Army Beret w/ Patch - Adjutant General's Corps - Medium	https://lambrino.co.uk/products/british-army-beret-w-patch-adjutant-generals-corps
y	new	British Army 0000s Adjutant Generals Beret	Headwear	2	date-unknown			British Army Adjutant Generals Beret - Large 59cm	https://lambrino.co.uk/products/british-army-adjutant-generals-beret-1
y	new	British Army 0000s Airborne Beret	Headwear	2	date-unknown			British Army Airborne Beret - Medium 58cm	https://lambrino.co.uk/products/british-army-airborne-beret-1
y	new	British Army 0000s Anglian Beret	Headwear	2	date-unknown			British Army Anglian Beret - Large 60cm	https://lambrino.co.uk/products/british-army-anglian-beret-4
y	new	British Army 0000s Bearskin Coldstream Guards Scarlet Red Plume #2 Hat	Headwear	1	date-unknown,fabric-unknown			British Army Bearskin Hat Coldstream Guards Scarlet Red Plume #2	https://lambrino.co.uk/products/british-army-bearskin-hat-coldstream-guards-scarlet-red-plume-2
y	new	British Army 0000s Bearskin Coldstream Guards Scarlet Red Plume #3 Hat	Headwear	1	date-unknown,fabric-unknown			British Army Bearskin Hat Coldstream Guards Scarlet Red Plume #3	https://lambrino.co.uk/products/british-army-bearskin-hat-coldstream-guards-scarlet-red-plume-3
y	new	British Army 0000s Bearskin Coldstream Guards Scarlet Red Plume #4 Hat	Headwear	1	date-unknown,fabric-unknown			British Army Bearskin Hat Coldstream Guards Scarlet Red Plume #4	https://lambrino.co.uk/products/british-army-bearskin-hat-coldstream-guards-scarlet-red-plume-4
y	new	British Army 0000s Bearskin Coldstream Guards Scarlet Red Plume #5 Hat	Headwear	1	date-unknown,fabric-unknown			British Army Bearskin Hat Coldstream Guards Scarlet Red Plume #5	https://lambrino.co.uk/products/british-army-bearskin-hat-coldstream-guards-scarlet-red-plume-5
y	new	British Army 0000s Bearskin Coldstream Guards Scarlet Red Plume Hat	Headwear	1	date-unknown,fabric-unknown			British Army Bearskin Hat Coldstream Guards Scarlet Red Plume	https://lambrino.co.uk/products/british-army-bearskin-hat-scarlet-red-plume
y	new	British Army 0000s Bristol University O.T.C. with Badge Beret	Headwear	3	date-unknown			British Army Bristol University O.T.C. Beret w/ Badge - Large 59cm	https://lambrino.co.uk/products/british-army-bristol-university-o-t-c-beret-w-badge-1
y	new	British Army 0000s Cheshire Regiment Dress Cap	Headwear	1	date-unknown			British Army Dress Cap - Cheshire Regiment - Medium	https://lambrino.co.uk/products/british-army-dress-cap-19
y	new	British Army 0000s Coldstream Grenadier Guards Dress Cap	Headwear	2	date-unknown			British Army Dress Cap - Coldstream Grenadier Guards - Small 55cm	https://lambrino.co.uk/products/british-army-dress-cap-coldstream-grenadier-guards
y	new	British Army 0000s DDPM Desert Cover Mk Helmet	Headwear	1	date-unknown			British Army DDPM Desert Camouflage Helmet Cover Mk 6 - Medium	https://lambrino.co.uk/products/british-army-ddpm-desert-camouflage-helmet-cover-mk-6-medium
y	new	British Army 0000s DPM Woodland Temperate Bush Boonie	Headwear	6	date-unknown			British Army DPM Woodland Camouflage Temperate Boonie Bush Hat - X Small 54cm	https://lambrino.co.uk/products/british-army-dpm-woodland-camouflage-temperate-boonie-bush-hat-x-small-54cm
y	new	British Army 0000s Desert DPM Boonie	Headwear	11	date-unknown			British Army Desert DPM Camouflage Boonie - Small 55cm	https://lambrino.co.uk/products/british-army-desert-dpm-camouflage-field-tailored-boonie-small
y	new	British Army 0000s Desert DPM Field Tailored Boonie	Headwear	1	date-unknown			British Army Desert DPM Camouflage Field Tailored Boonie - Small 56cm	https://lambrino.co.uk/products/british-army-desert-dpm-camouflage-boonie-4
y	new	British Army 0000s Dress Cap	Headwear	8	date-unknown			British Army Dress Cap - Large 59cm	https://lambrino.co.uk/products/british-army-dress-cap-18
y	new	British Army 0000s Egypt Badge Light Infantry Beret	Headwear	1	date-unknown			British Army Light Infantry Beret - Egypt Badge - Medium 57cm	https://lambrino.co.uk/products/british-army-beret-16
y	new	British Army 0000s Exeter University OTC w Badge Beret	Headwear	1	date-unknown			British Army Beret w Badge - Exeter University OTC - Large 59cm	https://lambrino.co.uk/products/british-army-beret-w-badge-exeter-university-otc
y	new	British Army 0000s Foreign Legion Beret	Headwear	1	date-unknown			British Army Beret - Foreign Legion - Medium	https://lambrino.co.uk/products/british-army-beret-foreign-legion
y	new	British Army 0000s Foundation College with Badge Beret	Headwear	1	date-unknown			British Army Navy Beret w/ Badge - Army Foundation College - Medium 57cm	https://lambrino.co.uk/products/british-army-navy-beret-w-badge-army-foundation-college
y	new	British Army 0000s Glengarry Scottish Highlands Regiments Headwear	Headwear	6	date-unknown,type-from-product-type			British Army Glengarry Scottish Highlands Regiments - Small	https://lambrino.co.uk/products/british-army-glengarry-scottish-highlands-regiments-4
y	new	British Army 0000s Guards Division Beret	Headwear	3	date-unknown			British Army Guards Division Beret - Medium 57cm	https://lambrino.co.uk/products/british-army-guards-division-beret-2
y	new	British Army 0000s Highlands Regiments Dress Cap	Headwear	1	date-unknown			British Army Dress Cap - Highlands Regiments - Small / Medium	https://lambrino.co.uk/products/british-army-dress-cap-1
y	new	British Army 0000s Household Guards Beret	Headwear	1	date-unknown			British Army Beret - Household Guards - Small 56cm	https://lambrino.co.uk/products/british-army-beret-household-guards
y	new	British Army 0000s Infantry Beret	Headwear	1	date-unknown			British Army Infantry Beret - Large 59cm	https://lambrino.co.uk/products/british-army-infantry-beret
y	new	British Army 0000s Infantry Dress Cap	Headwear	1	date-unknown			British Army Infantry Dress Cap - X Small 54cm	https://lambrino.co.uk/products/british-army-dress-cap-12
y	new	British Army 0000s Intelligence Corps Beret	Headwear	5	date-unknown			British Army Intelligence Corps Beret - Small 56cm	https://lambrino.co.uk/products/british-army-intelligence-corps-beret-3
y	new	British Army 0000s Intelligence Corps with Patch Beret	Headwear	1	date-unknown			British Army Beret w/ Patch - Intelligence Corps - Large	https://lambrino.co.uk/products/british-army-beret-w-patch-intelligence-corps
y	new	British Army 0000s Irish Guards Beret	Headwear	1	date-unknown			British Army Beret - Irish Guards - X Small	https://lambrino.co.uk/products/british-army-beret-irish-guards
y	new	British Army 0000s Irish Guards Dress Cap	Headwear	1	date-unknown			British Army Dress Cap - Irish Guards - Small 55cm	https://lambrino.co.uk/products/british-army-dress-cap-irish-guards
y	new	British Army 0000s KORBR Beret	Headwear	1	date-unknown			British Army Beret - KORBR - Small	https://lambrino.co.uk/products/british-army-beret-27
y	new	British Army 0000s KRRC with Badge Beret	Headwear	1	date-unknown			British Army Beret w/ Badge - KRRC - Medium 58cm	https://lambrino.co.uk/products/british-army-beret-w-badge
y	new	British Army 0000s Khaki Beret	Headwear	1	date-unknown			British Army Khaki Beret - Small	https://lambrino.co.uk/products/british-army-khaki-beret-1
y	new	British Army 0000s Khaki w Green Patch Beret	Headwear	1	date-unknown			British Army Khaki Beret w Green Patch - Medium	https://lambrino.co.uk/products/british-army-khaki-beret-w-green
y	new	British Army 0000s King Edward VI School Cadet's Beret	Headwear	12	date-unknown			British Army Beret - King Edward VI School Cadet's - Small 56cm	https://lambrino.co.uk/products/british-army-beret-26
y	new	British Army 0000s King's Crown Royal Signals Beret	Headwear	1	date-unknown			British Army Beret - King's Crown Royal Signals - Medium 58cm	https://lambrino.co.uk/products/british-army-beret-kings-crown-royal-signals
y	new	British Army 0000s King's Own Royal Border Regiment Officer's Forage Side Cap	Headwear	1	date-unknown			British Army Officer's Forage Side Cap - King's Own Royal Border Regiment - Small	https://lambrino.co.uk/products/british-army-officers-forage-side-cap-kings-own-royal-border-regiment
y	new	British Army 0000s King's Royal Hussars Beret	Headwear	1	date-unknown			British Army Beret - King's Royal Hussars - Small Large	https://lambrino.co.uk/products/british-army-royal-hussars-beret
y	new	British Army 0000s King's Royal Hussars with Badge Beret	Headwear	1	date-unknown			British Army Beret w/ Badge - King's Royal Hussars - Small / Medium	https://lambrino.co.uk/products/british-army-beret-kings-royal-hussars
y	new	British Army 0000s King's Royal Hussars with Patch Beret	Headwear	1	date-unknown			British Army Beret w/ Patch - King's Royal Hussars - Medium	https://lambrino.co.uk/products/british-army-beret-w-badge-kings-royal-hussars-small-medium
y	new	British Army 0000s Liverpool Scottish Officer's Tam o Shanter Headwear	Headwear	1	date-unknown,type-from-product-type			British Army Tam o Shanter - Liverpool Scottish Officer's - Medium	https://lambrino.co.uk/products/british-army-tam-o-shanter-1
y	new	British Army 0000s Mercian Regiment Khaki Beret	Headwear	1	date-unknown			British Army Mercian Regiment Khaki Beret - 58cm	https://lambrino.co.uk/products/british-army-beret-8
y	new	British Army 0000s Mercian with Badge Beret	Headwear	1	date-unknown			British Army Mercian Beret w/ Badge - Small 55cm	https://lambrino.co.uk/products/british-army-mercian-beret
y	new	British Army 0000s Mk 7 Cover UN Blue Helmet	Headwear	1	date-unknown			British Army Mk 7 Helmet Cover UN Blue - Large	https://lambrino.co.uk/products/british-army-mk-7-helmet-cover-un-blue
y	new	British Army 0000s Music Corps with Badge Beret	Headwear	1	date-unknown			British Army Beret w/ Badge - Music Corps - Medium 57cm	https://lambrino.co.uk/products/british-army-beret-w-badge-music-corps
y	new	British Army 0000s NISGS with Badge Beret	Headwear	1	date-unknown			British Army Beret w/ Badge - NISGS - Large 60cm	https://lambrino.co.uk/products/british-army-beret-w-badge-royal-irish-guards
y	new	British Army 0000s Northern Ireland Security Guard Service with Badge Beret	Headwear	2	date-unknown			British Army Northern Ireland Security Guard Service Beret w/ Badge - Small 55cm	https://lambrino.co.uk/products/british-army-mercian-beret-w-badge-small-55cm-copy
y	new	British Army 0000s Olive Green Headover Scarf Neck Gaiter Headwear	Headwear	1	date-unknown,type-from-product-type			British Army Olive Green Headover Scarf Neck Gaiter	https://lambrino.co.uk/products/british-army-olive-green-headover-scarf-snood
y	new	British Army 0000s Olive Green Insect Headnet Cover Headwear	Headwear	1	date-unknown,type-from-product-type			British Army Olive Green Insect Headnet Cover	https://lambrino.co.uk/products/british-army-olive-green-insect-headnet-cover
y	new	British Army 0000s Olive Green Netting Skrim Helmet	Headwear	1	date-unknown			British Army Olive Green Helmet Netting Skrim	https://lambrino.co.uk/products/british-army-olive-green-helmet-netting-skrim
y	new	British Army 0000s One Green Wool Balaclava	Headwear	1	date-unknown			British Army Green Wool Balaclava - One Size	https://lambrino.co.uk/products/british-army-green-wool-balaclava-one-size
y	new	British Army 0000s Parachute Regiments Maroon Beret	Headwear	2	date-unknown			British Army Maroon Beret - Parachute Regiments - Small	https://lambrino.co.uk/products/british-army-burgundy-beret-1
y	new	British Army 0000s Princess of Wales' Royal Regiment Dress Cap	Headwear	1	date-unknown			British Army Dress Cap - Princess of Wales' Royal Regiment - Large	https://lambrino.co.uk/products/british-army-dress-cap-welsh
y	new	British Army 0000s QARANC Beret	Headwear	1	date-unknown			British Army Beret - QARANC - Small 56cm	https://lambrino.co.uk/products/british-army-beret-qaranc
y	new	British Army 0000s QARANC Women's Dress Cap	Headwear	3	date-unknown			British Army Women's Dress Cap - QARANC - Large 59cm	https://lambrino.co.uk/products/british-army-womens-dress-cap-qaranc-1
y	new	British Army 0000s QARANC w Badge Beret	Headwear	1	date-unknown			British Army Beret w Badge - QARANC - Small 55cm	https://lambrino.co.uk/products/british-army-beret-13
y	new	British Army 0000s QARANC w Sewn Badge Beret	Headwear	1	date-unknown			British Army Beret w Sewn Badge - QARANC - Medium	https://lambrino.co.uk/products/british-army-beret-w-sewn-badge-qaranc
y	new	British Army 0000s QARANC with Badge Beret	Headwear	3	date-unknown			British Army Beret w/ Badge - QARANC - Small / Medium	https://lambrino.co.uk/products/british-army-beret-w-badge-qaranc-1
y	new	British Army 0000s Queen Alexandra's Royal Nursing Corps Beret	Headwear	4	date-unknown			British Army Queen Alexandra's Royal Army Nursing Corps Beret - Medium 58cm	https://lambrino.co.uk/products/british-army-queen-alexandras-royal-army-nursing-corps-beret-3
y	new	British Army 0000s Queen Alexandra's Royal Nursing Corps with Badge Beret	Headwear	1	date-unknown			British Army Queen Alexandra's Royal Army Nursing Corps Beret w/ Badge - Medium	https://lambrino.co.uk/products/british-army-queen-alexandras-royal-army-nursing-corps-beret-w-badge
y	new	British Army 0000s Queen's Officer's Training Corps with Badge Beret	Headwear	1	date-unknown			British Army Beret w/ Badge - Queen's Officer's Training Corps - Large	https://lambrino.co.uk/products/british-army-beret-w-badge-queens
y	new	British Army 0000s Queen's Own Highlanders Tam o Shanter with Badge Headwear	Headwear	1	date-unknown,type-from-product-type			British Army Tam o Shanter w/ Badge - Queen's Own Highlanders - Small	https://lambrino.co.uk/products/british-army-tam-o-shanter-w-badge
y	new	British Army 0000s RAC w Badge Beret	Headwear	2	date-unknown			British Army Beret w Badge - RAC - Large 59cm	https://lambrino.co.uk/products/british-army-beret-w-badge-rac-large-59cm
y	new	British Army 0000s REME Beret	Headwear	1	date-unknown			British Army REME Beret - Large 59cm	https://lambrino.co.uk/products/british-army-reme-beret
y	new	British Army 0000s REME Dress Cap	Headwear	2	date-unknown			British Army Dress Cap - REME - Small	https://lambrino.co.uk/products/british-army-dress-cap-reme
y	new	British Army 0000s REME Dress with Badge Cap	Headwear	1	date-unknown			British Army Dress Cap w/ Badge - REME - X Large 61cm	https://lambrino.co.uk/products/british-army-dress-cap-w-badge-reme
y	new	British Army 0000s REME Glengarry Scottish Highlands Regiments Headwear	Headwear	1	date-unknown,type-from-product-type			British Army Glengarry Scottish Highlands Regiments - REME - Small 56cm	https://lambrino.co.uk/products/british-army-beret-12
y	new	British Army 0000s REME with Badge Beret	Headwear	3	date-unknown			British Army Beret w/ Badge - REME - XX Small 52cm	https://lambrino.co.uk/products/british-army-beret-w-badge-reme-1
y	new	British Army 0000s Royal Academy Sandhurst with Badge Beret	Headwear	1	date-unknown			British Army Royal Military Academy Sandhurst Beret w/ Badge - Large 59cm	https://lambrino.co.uk/products/british-army-royal-military-academy-sandhurst-beret-w-badge
y	new	British Army 0000s Royal Anglian Beret	Headwear	4	date-unknown			British Army Royal Anglian Beret - Small	https://lambrino.co.uk/products/british-army-anglian-beret-6
y	new	British Army 0000s Royal Anglian Guards Division Beret	Headwear	2	date-unknown			British Army Royal Anglian Guards Division Beret - Medium 57cm	https://lambrino.co.uk/products/british-army-anglian-beret-5
y	new	British Army 0000s Royal Anglian Khaki with Badge Beret	Headwear	2	date-unknown			British Army Khaki Beret w/ Badge - Royal Anglian - Medium 58cm	https://lambrino.co.uk/products/british-army-khaki-beret-w-badge-royal-anglian-1
y	new	British Army 0000s Royal Anglian with Badge Beret	Headwear	2	date-unknown			British Army Royal Anglian Beret w/ Badge - Small	https://lambrino.co.uk/products/british-army-royal-anglian-beret-w-badge-1
y	new	British Army 0000s Royal Artillery Regiment Beret	Headwear	1	date-unknown			British Army Beret - Royal Artillery Regiment - Medium 58cm	https://lambrino.co.uk/products/british-army-beret-royal-artillery-regiment
y	new	British Army 0000s Royal Artillery Regiment with Badge Beret	Headwear	2	date-unknown			British Army Beret w/ Badge - Royal Artillery Regiment - Medium	https://lambrino.co.uk/products/british-army-beret-w-badge-royal-artillery-regiment
y	new	British Army 0000s Royal College with Badge Beret	Headwear	1	date-unknown			British Army Beret w/ Badge - Royal Army College - Small	https://lambrino.co.uk/products/british-army-beret-w-badge-royal-army-college
y	new	British Army 0000s Royal Corps of Signals Rifles Beret	Headwear	1	date-unknown			British Army Rifles Beret - Royal Corps of Signals - X Large 61cm	https://lambrino.co.uk/products/british-army-rifles-beret
y	new	British Army 0000s Royal Dragoon Guards Green with Badge Beret	Headwear	1	date-unknown			British Army Green Beret w/ Badge - Royal Dragoon Guards - Medium	https://lambrino.co.uk/products/british-army-green-beret-w-badge-royal-dragoon-guards-medium
y	new	British Army 0000s Royal Electrical Mechanical Engineers Dress Cap	Headwear	3	date-unknown			British Army Dress Cap - Royal Electrical & Mechanical Engineers - Medium 57cm	https://lambrino.co.uk/products/british-army-dress-cap-royal-electrical-mechanical-engineers-medium
y	new	British Army 0000s Royal Engineers Beret	Headwear	2	date-unknown			British Army Royal Engineers Beret - Large 60cm	https://lambrino.co.uk/products/british-army-royal-engineers-beret-1
y	new	British Army 0000s Royal Engineers Dress Cap	Headwear	3	date-unknown			British Army Dress Cap - Royal Engineers - Large 59cm	https://lambrino.co.uk/products/british-army-dress-cap-royal-engineers-1
y	new	British Army 0000s Royal Engineers w Badge Beret	Headwear	1	date-unknown			British Army Beret w Badge - Royal Engineers - Large 60cm	https://lambrino.co.uk/products/british-army-beret-w-badge-royal-engineers
y	new	British Army 0000s Royal Engineers with Badge Beret	Headwear	1	date-unknown			British Army Beret w/ Badge - Royal Engineers - Medium 57cm	https://lambrino.co.uk/products/british-army-beret-w-badge-royal-engineers-1
y	new	British Army 0000s Royal Horse Artillery with Badge Beret	Headwear	1	date-unknown			British Army Beret w/ Badge - Royal Horse Artillery - XX Large 64cm	https://lambrino.co.uk/products/british-army-beret-w-badge-royal-horse-artillery
y	new	British Army 0000s Royal Hussars Beret	Headwear	1	date-unknown			British Army Beret - Royal Hussars - X Small 54cm	https://lambrino.co.uk/products/british-army-beret-royal-hussars
y	new	British Army 0000s Royal Irish Guards with Badge Beret	Headwear	1	date-unknown			British Army Royal Irish Guards Beret w/ Badge - Small	https://lambrino.co.uk/products/british-army-royal-logistics-corps-beret-w-badge
y	new	British Army 0000s Royal Lancers with Badge Beret	Headwear	1	date-unknown			British Army Beret w/ Badge - Royal Lancers - Large	https://lambrino.co.uk/products/british-army-beret-w-badge-1
y	new	British Army 0000s Royal Logistic Corps Tam o Shanter with Badge Plume Headwear	Headwear	1	date-unknown,type-from-product-type			British Army Tam o Shanter w/ Badge & Plume - Royal Logistic Corps - Medium	https://lambrino.co.uk/products/british-army-tam-o-shanter-w-badge-plume-royal-logistic-corps
y	new	British Army 0000s Royal Logistics Corps Dress Cap	Headwear	1	date-unknown			British Army Dress Cap - Royal Logistics Corps - Small	https://lambrino.co.uk/products/british-army-dress-cap-17
y	new	British Army 0000s Royal Logistics Corps with Badge Beret	Headwear	6	date-unknown			British Army Royal Logistics Corps Beret w/ Badge - Large 59cm	https://lambrino.co.uk/products/british-army-beret-22
y	new	British Army 0000s Royal Logistics Corps with Patch Badge Beret	Headwear	1	date-unknown			British Army Royal Logistics Corps Beret w/ Patch Badge - X Small	https://lambrino.co.uk/products/british-army-royal-logistics-corps-beret-w-patch-badge
y	new	British Army 0000s Royal Logistics Corps with Patch Beret	Headwear	1	date-unknown			British Army Beret w/ Patch - Royal Logistics Corps - Small / Medium	https://lambrino.co.uk/products/british-army-beret-w-patch-royal-logistics-corps
y	new	British Army 0000s Royal Logistics Corps with Patch Wool Beret	Headwear	1	date-unknown			British Army Beret w/ Patch Navy Wool - Royal Logistics Corps - X Small 54cm	https://lambrino.co.uk/products/british-army-beret-w-badge-navy-wool-royal-logistics-corps
y	new	British Army 0000s Royal Logistics Corps with Sewn Badge Beret	Headwear	2	date-unknown			British Army Royal Logistics Corps Beret w/ Sewn Badge - Medium	https://lambrino.co.uk/products/british-army-royal-logistics-corps-beret-w-sewn-badge
y	new	British Army 0000s Royal Medical Corps Beret	Headwear	2	date-unknown			British Army Beret - Royal Army Medical Corps - Medium 57cm	https://lambrino.co.uk/products/british-army-beret-royal-army-medical-corps
y	new	British Army 0000s Royal Medical Corps Dress Cap	Headwear	2	date-unknown			British Army Dress Cap - Royal Army Medical Corps - Medium 58cm	https://lambrino.co.uk/products/british-army-dress-cap-royal-army-medical-corps-1
y	new	British Army 0000s Royal Medical Corps Women's Dress Cap	Headwear	2	date-unknown			British Army Women's Dress Cap - Royal Army Medical Corps - Small 56cm	https://lambrino.co.uk/products/british-army-womens-dress-cap-royal-army-medical-corps
y	new	British Army 0000s Royal Medical Corps with Badge Beret	Headwear	6	date-unknown			British Army Beret w/ Badge - Royal Army Medical Corps - X Small 54cm	https://lambrino.co.uk/products/british-army-beret-w-badge-royal-army-medical-corps-2
y	new	British Army 0000s Royal Regiment of Scotland Glengarry with Badge Plume Headwear	Headwear	3	date-unknown,type-from-product-type			British Army Glengarry w/ Badge & Plume - Royal Regiment of Scotland - X Small 54cm	https://lambrino.co.uk/products/british-army-glengarry-w-badge-plume-royal-regiment-of-scotland-2
y	new	British Army 0000s Royal Regiment of Scotland Tam o Shanter Headwear	Headwear	36	date-unknown,type-from-product-type			British Army Royal Regiment of Scotland Tam o Shanter - Medium	https://lambrino.co.uk/products/british-army-royal-regiment-of-scotland-tam-o-shanter-medium-4
y	new	British Army 0000s Royal Regiment of Scotland Tam o Shanter with Plume Headwear	Headwear	11	date-unknown,type-from-product-type			British Army Tam o Shanter w/ Plume - Royal Regiment of Scotland - Large	https://lambrino.co.uk/products/british-army-tam-o-shanter-w-plume-royal-regiment-of-scotland-1
y	new	British Army 0000s Royal Scot's Dragoon Guard Beret	Headwear	5	date-unknown			British Army Beret - Royal Scot's Dragoon Guard - Medium 57cm	https://lambrino.co.uk/products/british-army-beret-royal-scots-dragoon-guard-3
y	new	British Army 0000s Royal Scot's Dragoon Guard with Badge Beret	Headwear	1	date-unknown			British Army Beret w/ Badge - Royal Scot's Dragoon Guard - Small 56cm	https://lambrino.co.uk/products/british-army-beret-w-badge-royal-scots-dragoon-guard
y	new	British Army 0000s Royal Signals Beret	Headwear	1	date-unknown			British Army Beret - Royal Signals - XX Large 64cm	https://lambrino.co.uk/products/british-army-beret-royal-signals
y	new	British Army 0000s Royal Signals Corps w Badge Beret	Headwear	2	date-unknown			British Army Beret w Badge - Royal Signals Corps - Large	https://lambrino.co.uk/products/british-army-beret-w-badge-royal-signals-corps-large
y	new	British Army 0000s Royal Signals Light Infantry with Badge Beret	Headwear	1	date-unknown			British Army Light Infantry Beret w/ Badge - Royal Signals - Small 56cm	https://lambrino.co.uk/products/british-army-light-infantry-beret-w-badge-royal-signals
y	new	British Army 0000s Royal Signals Scottish Division Beret	Headwear	9	date-unknown			British Army Beret - Royal Signals Scottish Division - Medium 58cm	https://lambrino.co.uk/products/british-army-beret-royal-signals-scottish-division-medium-58cm-copy
y	new	British Army 0000s Royal Veterinary Corps Women's Dress Cap	Headwear	1	date-unknown			British Army Women's Dress Cap - Royal Army Veterinary Corps - Small 56cm	https://lambrino.co.uk/products/british-army-womens-dress-cap-royal-army-veterinary-corps
y	new	British Army 0000s Royal Welsh Beret	Headwear	1	date-unknown			British Army Beret - Royal Welsh - Large	https://lambrino.co.uk/products/british-army-beret-royal-welsh
y	new	British Army 0000s Royal Welsh with Badge Beret	Headwear	2	date-unknown			British Army Beret w/ Badge - Royal Welsh - Medium 57cm	https://lambrino.co.uk/products/british-army-beret-w-badge-royal-welsh
y	new	British Army 0000s Royal Yeomanry with Patch Beret	Headwear	2	date-unknown			British Army Beret w/ Patch - Royal Yeomanry - Medium 58cm	https://lambrino.co.uk/products/british-army-beret-w-patch-royal-yeomanry-1
y	new	British Army 0000s SAS Royal Signals with Badge Beret	Headwear	1	date-unknown			British Army Beret w/ Badge - SAS / Royal Signals - Small 55cm	https://lambrino.co.uk/products/british-army-beret-w-badge-sas-royal-signals
y	new	British Army 0000s Salvation 60's Women's Dress Bonnet Headwear	Headwear	1	date-unknown,type-from-product-type,fabric-unknown			British Salvation Army 60's Women's Dress Bonnet - Small	https://lambrino.co.uk/products/british-salvation-army-womens-dress-bonnet
y	new	British Army 0000s Scots Guards Officer's Beret	Headwear	1	date-unknown			British Army Beret - Scots Guards Officer's  - Medium 58cm	https://lambrino.co.uk/products/british-army-beret-scots-guards-officers
y	new	British Army 0000s Scottish Highland Regiments Dress Cap	Headwear	2	date-unknown			British Army Dress Cap - Scottish Highland Regiments - Medium	https://lambrino.co.uk/products/british-army-dress-cap-13
y	new	British Army 0000s Scottish and North Irish Yeomanry Beret	Headwear	1	date-unknown			British Army Beret - Scottish and North Irish Yeomanry - Medium	https://lambrino.co.uk/products/british-army-beret-23
y	new	British Army 0000s Tank Regiment Beret	Headwear	1	date-unknown			British Army Tank Regiment Beret - Medium 58cm	https://lambrino.co.uk/products/british-army-tank-regiment-beret-copy
y	new	British Army 0000s The Life Guards with Badge Beret	Headwear	1	date-unknown			British Army Navy Beret w/ Badge - The Life Guards - Medium	https://lambrino.co.uk/products/british-army-navy-beret-w-badge-the-life-guards
y	new	British Army 0000s The Rifles Beret	Headwear	2	date-unknown			British Army Beret - The Rifles - Small 56cm	https://lambrino.co.uk/products/british-army-beret-the-rifles
y	new	British Army 0000s The Rifles Regiment Dress Cap	Headwear	1	date-unknown			British Army Dress Cap - The Rifles Regiment - Small 55cm	https://lambrino.co.uk/products/british-army-mens-dress-cap-the-rifles
y	new	British Army 0000s The Rifles Women's Dress Cap	Headwear	1	date-unknown			British Army Women's Dress Cap - The Rifles - Small	https://lambrino.co.uk/products/british-army-dress-cap-11
y	new	British Army 0000s UN Blue Beret	Headwear	7	date-unknown			British Army Beret UN Blue - Medium 58cm	https://lambrino.co.uk/products/british-army-beret-un-blue-medium-58cm
y	new	British Army 0000s UN Blue with Badge Beret	Headwear	1	date-unknown			British Army Beret UN Blue w/ Badge - Medium 58cm	https://lambrino.co.uk/products/british-army-beret-un-blue-w-badge-medium-58cm
y	new	British Army 0000s UN Peacekeeper's Blue Beret	Headwear	1	date-unknown			British Army UN Peacekeeper's Blue Beret - Medium 57cm	https://lambrino.co.uk/products/british-army-un-peacekeepers-blue-beret
y	new	British Army 0000s UN Peacekeeper's Blue with Badge Beret	Headwear	2	date-unknown			British Army UN Peacekeeper's Blue Beret w/ Badge - Small 56cm	https://lambrino.co.uk/products/british-army-un-peacekeepers-blue-beret-w-badge-1
y	new	British Army 0000s UN Peacekeeper's Blue with Patch Beret	Headwear	1	date-unknown			British Army UN Peacekeeper's Blue Beret w/ Patch - Medium	https://lambrino.co.uk/products/british-army-un-peacekeepers-blue-beret-w-patch
y	new	British Army 0000s WW1 M1917 Brodie Helmet	Headwear	1	date-unknown,fabric-unknown			British Army WW1 M1917 Brodie Helmet	https://lambrino.co.uk/products/british-army-ww1-m1917-brodie-helmet
y	new	British Army 0000s Welsh Guards Beret	Headwear	1	date-unknown			British Army Beret - Welsh Guards - X Small	https://lambrino.co.uk/products/british-army-beret-1
y	new	British Army 0000s Women's Land Hat	Headwear	1	date-unknown			British Army Hat - Women's Land Army - Small	https://lambrino.co.uk/products/british-army-hat-womens-land-army
y	new	British Army 0000s Woodland DPM MVP Winter Trapper Cap	Headwear	1	date-unknown			British Army Woodland DPM MVP Winter Trapper Cap - Large	https://lambrino.co.uk/products/british-army-woodland-dpm-mvp-winter-trapper-cap
y	new	British Army 0000s Woodland Forest DPM Temperate Bush Boonie	Headwear	1	date-unknown			British Army Genuine Woodland Forest DPM Camouflage Temperate Boonie / Bush Hat	https://lambrino.co.uk/products/british-army-genuine-forest-dpm-camo-boonie-bush-hat-range-of-sizes
y	new	British Army 0000s with Patch Beret	Headwear	1	date-unknown			British Army Navy Beret w/ Patch - Small 56cm	https://lambrino.co.uk/products/british-army-navy-beret-w-badge
y	new	British Army 0000s with Red Patch Beret	Headwear	1	date-unknown			British Army Navy Beret w/ Red Patch - Large 59cm	https://lambrino.co.uk/products/british-army-beret-25
y	new	British Army 1950s 9th Royal Lancers Dress Cap	Headwear	1				British Army 40s 50s Dress Cap - 9th Royal Lancers - Medium	https://lambrino.co.uk/products/british-army-50s-service-cap-9th-lancers
y	new	British Army 1960s Balmoral Bonnet Headwear	Headwear	1	type-from-product-type			British Army 60s Balmoral Bonnet - Medium	https://lambrino.co.uk/products/british-army-tam-o-shanter
y	new	British Army 1960s Glengarry Headwear	Headwear	1	type-from-product-type,fabric-unknown			British Army 60s Glengarry - Small / Medium	https://lambrino.co.uk/products/british-army-60s-glengarry
y	new	British Army 1990s Desert Khaki Sniper Shroud Hood Skrim Cover Headwear	Headwear	1	type-from-product-type			British Army S95 Desert Khaki Sniper Shroud Hood Skrim Cover	https://lambrino.co.uk/products/british-army-s95-desert-khaki-sniper-hood-skrim-cover
y	new	British Army 2010s Bush Boonie	Headwear	3				British Army MTP Camouflage Boonie Bush Hat - X Small 54cm	https://lambrino.co.uk/products/british-army-mtp-camouflage-boonie-bush-hat-2
y	new	British Army 2010s Cap	Headwear	2				British Army MTP Camouflage Cap - Small 56cm	https://lambrino.co.uk/products/british-army-mtp-camouflage-cap-1
y	new	British Army 2010s Cover Mk Helmet	Headwear	3				British Army MTP Camouflage Helmet Cover Mk 6 - Large	https://lambrino.co.uk/products/british-army-mtp-camouflage-helmet-cover-mk-6-large-1
y	new	British Army 2010s Field Tailored Bush Boonie	Headwear	3				British Army MTP Camouflage Boonie Bush Hat - Field Tailored - Medium 57cm	https://lambrino.co.uk/products/british-army-mtp-camouflage-boonie-bush-hat-field-tailored-medium-57cm
y	new	British Army 2010s Garnish Cover Helmet	Headwear	1	fabric-unknown			British Army MTP Camouflage Helmet Garnish Cover	https://lambrino.co.uk/products/british-army-mtp-camouflage-helmet-garnish-cover
y	new	British Army 2010s MVP Cold Weather Cap	Headwear	2				British Army MTP Camouflage MVP Cold Weather Cap - Medium	https://lambrino.co.uk/products/british-army-mtp-camouflage-mvp-cold-weather-cap-1
y	new	British Police 0000s Black Dress Cap	Headwear	1	date-unknown			British Police Black Dress Cap - Small	https://lambrino.co.uk/products/british-police-dress-cap
y	new	British Police 0000s Royal Red Beret	Headwear	2	date-unknown			British Army Red Beret - Royal Military Police - Small 56cm	https://lambrino.co.uk/products/british-army-red-beret-royal-military-police
y	new	British RAF 0000s Air Corps AAC Beret	Headwear	5	date-unknown			British Royal Air Force Army Air Corps AAC Beret - X Small	https://lambrino.co.uk/products/british-royal-air-force-army-air-corps-aac-beret-3
y	new	British RAF 0000s Air Corps AAC with Badge Beret	Headwear	2	date-unknown			British Royal Air Force Army Air Corps AAC Beret w/ Badge - Medium	https://lambrino.co.uk/products/british-royal-air-force-army-air-corps-aac-beret-w-badge-1
y	new	British RAF 0000s Air Training Corps Peaked Dress Cap	Headwear	2	date-unknown			British RAF Peaked Dress Cap - Air Training Corps - Large 59cm	https://lambrino.co.uk/products/british-raf-peaked-dress-cap-air-training-corps-1
y	new	British RAF 0000s Air Training Corps with Badge Beret	Headwear	5	date-unknown			British RAF Beret w/ Badge - Air Training Corps - Medium 57cm	https://lambrino.co.uk/products/british-raf-beret-w-badge-air-training-corps-4
y	new	British RAF 0000s Dress Cap	Headwear	2	date-unknown			British Royal Air Force RAF Dress Cap - Large	https://lambrino.co.uk/products/british-royal-air-force-raf-dress-cap-1
y	new	British RAF 0000s Forage Side Cap	Headwear	3	date-unknown			British RAF Forage Side Cap - Large 59cm	https://lambrino.co.uk/products/british-raf-forage-side-cap-large
y	new	British RAF 0000s Officer's Forage Side Cap	Headwear	1	date-unknown			British RAF Officer's Forage Side Cap - Medium	https://lambrino.co.uk/products/british-raf-side-cap
y	new	British RAF 0000s Officer's Peaked Dress Cap	Headwear	4	date-unknown			British RAF Officer's Peaked Dress Cap - Small	https://lambrino.co.uk/products/british-raf-officers-peaked-dress-cap-1
y	new	British RAF 0000s Peaked Dress Cap	Headwear	42	date-unknown			British RAF Peaked Dress Cap - Small 56cm	https://lambrino.co.uk/products/british-raf-peaked-dress-cap-small-56cm-2
y	new	British RAF 0000s Peaked No.1 Warrant Officer's Dress Cap	Headwear	3	date-unknown			British RAF Peaked No. 1 Warrant Officer's Dress Cap - Medium 57cm	https://lambrino.co.uk/products/british-raf-peaked-no-1-warrant-officers-dress-cap-2
y	new	British RAF 0000s Peaked Officer's Dress Cap	Headwear	1	date-unknown			British RAF Peaked Officer's Dress Cap - Medium	https://lambrino.co.uk/products/british-raf-peaked-officers-dress-cap
y	new	British RAF 0000s Special Air Service Beret	Headwear	1	date-unknown			British RAF Beret - Special Air Service - Medium 58cm	https://lambrino.co.uk/products/british-raf-beret-special-air-service-medium-58cm
y	new	British RAF 0000s Women's Dress Cap	Headwear	13	date-unknown			British Royal Air Force RAF Women's Dress Cap - Small	https://lambrino.co.uk/products/british-royal-air-force-raf-womens-dress-cap-10
y	new	British RAF 0000s Women's Peaked Dress Cap	Headwear	3	date-unknown			British RAF Women's Peaked Dress Cap - XX Small 52cm	https://lambrino.co.uk/products/british-raf-womens-peaked-dress-cap-xx-small-52cm
y	new	British RAF 0000s Women's WAAF No.1 Dress Cap	Headwear	1	date-unknown			British RAF Women's WAAF No. 1 Dress Cap - Medium	https://lambrino.co.uk/products/british-royal-air-force-raf-womens-dress-cap-9
y	new	British RAF 0000s with Badge Beret	Headwear	46	date-unknown			British RAF Beret w/ Badge - Small 55cm	https://lambrino.co.uk/products/british-raf-beret-w-badge-small-55cm
y	new	British RAF 0000s with Officer's Badge Beret	Headwear	13	date-unknown			British RAF Beret w/ Officer's Badge - Large	https://lambrino.co.uk/products/british-raf-beret-w-officers-badge-large
y	new	British RAF 0000s with Officer's Badge Patch Beret	Headwear	1	date-unknown			British RAF Beret w/ Officer's Badge Patch - Medium	https://lambrino.co.uk/products/british-raf-beret-w-officers-badge-patch
y	new	British RAF 1960s No.1 Warrant Officer's Dress Cap	Headwear	1				British RAF 60s No. 1 Warrant Officer's Dress Cap - Medium 57cm	https://lambrino.co.uk/products/british-raf-peaked-no-1-warrant-officers-dress-cap-3
y	new	British RAF 1960s Stadium Flying Goggles Headwear	Headwear	1	type-from-product-type			British RAF 60s Stadium Flying Goggles	https://lambrino.co.uk/products/british-raf-stadium-flying-goggles
y	new	British Royal Marines 0000s Cadets with Badge Beret	Headwear	5	date-unknown			British Royal Marines Beret w/ Badge - Cadets - Medium 57cm	https://lambrino.co.uk/products/british-royal-marines-beret-w-badge-cadets-3
y	new	British Royal Navy 0000s 1940's Black Dress Cap	Headwear	1	date-unknown			British Royal Navy 1940's Black Dress Cap - Medium	https://lambrino.co.uk/products/british-royal-navy-ww2-black-cap
y	new	British Royal Navy 0000s Chief Petty Officer with Badge Beret	Headwear	1	date-unknown			British Royal Navy Beret w/ Badge - Chief Petty Officer - Small 56cm	https://lambrino.co.uk/products/british-royal-navy-beret-w-badge-1
y	new	British Royal Navy 0000s Fleet Air Arm Sailor's Pork Pie Hat	Headwear	1	date-unknown			British Royal Navy Sailor's "Pork Pie" Hat - Fleet Air Arm - Medium 58cm	https://lambrino.co.uk/products/british-royal-navy-sailors-pork-pie-hat-fleet-air-arm
y	new	British Royal Navy 0000s Officer's Peaked Dress Cap	Headwear	4	date-unknown			British Royal Navy Officer's Peaked Dress Cap - Large 59cm	https://lambrino.co.uk/products/british-royal-navy-officers-peaked-dress-cap-1
y	new	British Royal Navy 0000s RNXS Auxiliary Service with Badge Beret	Headwear	1	date-unknown			British Royal Navy Beret w/ Badge - RNXS Auxiliary Service - Small 56cm	https://lambrino.co.uk/products/british-royal-navy-beret-w-badge-rnxs-auxiliary-service
y	new	British Royal Navy 0000s Rating with Badge Beret	Headwear	1	date-unknown			British Royal Navy Rating Beret w/ Badge - Small Medium	https://lambrino.co.uk/products/british-royal-navy-rating-beret-w-badge
y	new	British Royal Navy 0000s Ratings Badge with Badge Beret	Headwear	5	date-unknown			British Royal Navy Beret w/ Badge - Ratings Badge - Small 56cm	https://lambrino.co.uk/products/british-royal-navy-beret-w-badge-ratings-badge-3
y	new	British Royal Navy 0000s Sailor's Pork Pie Hat	Headwear	6	date-unknown			British Royal Navy Sailor's "Pork Pie" Hat - Large 59cm	https://lambrino.co.uk/products/british-royal-navy-sailors-pork-pie-hat-3
y	new	British Royal Navy 0000s Sea Cadet Corps Beret	Headwear	1	date-unknown			British Royal Navy Beret - Sea Cadet Corps - Small 55cm	https://lambrino.co.uk/products/british-royal-navy-beret-sea-cadet-corps
y	new	British Royal Navy 0000s Women's Officer's Tricorn Dress Cap	Headwear	1	date-unknown			British Royal Navy Women's Officer's Tricorn Dress Cap - X Small 54cm	https://lambrino.co.uk/products/british-royal-navy-womens-officers-tricorn-dress-cap
y	new	British Royal Navy 0000s with Officer's Badge Beret	Headwear	1	date-unknown			British Royal Navy Beret w/ Officer's Badge - Large 60cm	https://lambrino.co.uk/products/british-royal-navy-beret-w-officers-badge
y	new	British Royal Navy 1940s HMS Sussex Sailor's Pork Pie Hat	Headwear	1				British Royal Navy WW2 Sailor's "Pork Pie" Hat - HMS Sussex - Small	https://lambrino.co.uk/products/british-royal-navy-sailors-pork-pie-hat-hms-sussex
y	new	British Royal Navy 1940s Merchant with Patch Beret	Headwear	2				British Merchant Navy WW2 Beret w/ Patch - Large - X Large	https://lambrino.co.uk/products/british-royal-navy-ww2-beret-w-patch-1
y	new	British Royal Navy 1940s Rating's Hat	Headwear	1				British Royal Navy WW2 Rating's Hat - Medium	https://lambrino.co.uk/products/british-royal-navy-ww2-sailors-pork-pie-hat
y	new	British Royal Navy 1950s Merchant Dress with Dust Covers Cap	Headwear	1				British Merchant Navy 50s Dress Cap w/ Dust Covers - Medium	https://lambrino.co.uk/products/british-merchant-navy-50s-dress-cap-w-dust-covers
y	new	British 0000s ABP Civil Airlines Jacket	Jackets / Shirts	1	date-unknown			British Civil Airlines Jacket - ABP - Medium	https://lambrino.co.uk/products/british-civil-airlines-jacket-a
y	new	British 0000s AST Civil Airlines Jacket	Jackets / Shirts	1	date-unknown			British Civil Airlines Jacket - AST - Large	https://lambrino.co.uk/products/british-civil-airlines-jacket-2
y	new	British 0000s Angus Area Fire Brigade Greatcoat	Jackets / Shirts	1	date-unknown			British Angus Area Fire Brigade Greatcoat - Large	https://lambrino.co.uk/products/british-angus-area-fire-brigade-greatcoat
y	new	British 0000s Buckinghamshire Fire Brigade Dress Jacket	Jackets / Shirts	1	date-unknown			British Fire Brigade Dress Jacket - Buckinghamshire - Large	https://lambrino.co.uk/products/british-fire-brigade-dress-jacket-buckinghamshire-large
y	new	British 0000s Consular Service 30s Royal Court Levee Dress Uniform Jacket	Jackets / Shirts	1	date-unknown,type-from-product-type			British Consular Service 30s Royal Court Levee Dress Uniform - Small	https://lambrino.co.uk/products/british-30s-royal-court-dress-uniform
y	new	British 0000s Devon Area Fire Brigade Dress Jacket	Jackets / Shirts	1	date-unknown			British Fire Brigade Dress Jacket - Devon Area - Large	https://lambrino.co.uk/products/british-ministry-of-defence-police-dress-jacket-11
y	new	British 0000s Fire Brigade Undress Jacket	Jackets / Shirts	1	date-unknown			British Fire Brigade Undress Jacket - Medium	https://lambrino.co.uk/products/british-fire-brigade-undress-jacket
y	new	British 0000s Greater London Area Fire Brigade Greatcoat	Jackets / Shirts	1	date-unknown			British Greater London Area Fire Brigade Greatcoat - Large	https://lambrino.co.uk/products/british-greater-london-area-fire-brigade-greatcoat
y	new	British 0000s Guernsey Airlines Civil Airlines Jacket	Jackets / Shirts	1	date-unknown			British Civil Airlines Jacket - Guernsey Airlines - Large	https://lambrino.co.uk/products/british-civil-airlines-jacket
y	new	British 0000s HM Customs and Excise Dress Jacket	Jackets / Shirts	1	date-unknown			British HM Customs and Excise Dress Jacket	https://lambrino.co.uk/products/british-hm-customs-and-excise-dress-jacket
y	new	British 0000s Monarch Airlines Civil Airlines Jacket	Jackets / Shirts	1	date-unknown			British Civil Airlines Jacket - Monarch Airlines - X Large	https://lambrino.co.uk/products/british-civil-airlines-jacket-1
y	new	British 0000s RSPCA Women's Ceremonial Dress Jacket	Jackets / Shirts	1	date-unknown			British RSPCA Women's Ceremonial Dress Jacket - Small 6R	https://lambrino.co.uk/products/british-rspca-womens-ceremonial-dress-jacket
y	new	British 0000s Red Cross 50's Nurse's Apron Jacket	Jackets / Shirts	2	date-unknown,type-from-product-type			British Red Cross 50's Nurse's Apron - W26	https://lambrino.co.uk/products/british-red-cross-50s-nurses-apron-1
y	new	British 0000s Royal Naval Reserves Jacket	Jackets / Shirts	1	date-unknown			British Royal Naval Reserves Jacket - Medium	https://lambrino.co.uk/products/british-royal-naval-reserves-jacket
y	new	British 0000s Royal Naval Volunteer Reserve Mess Dress Jacket	Jackets / Shirts	1	date-unknown			British Royal Naval Volunteer Reserve Mess Dress Jacket - Large	https://lambrino.co.uk/products/british-merchant-navy-mess-dress-jacket
y	new	British 0000s Royal Naval Volunteer Reserves Black Dress Blazer Jacket	Jackets / Shirts	1	date-unknown			British Royal Naval Volunteer Reserves Black Dress Blazer Jacket - Large	https://lambrino.co.uk/products/british-merchant-navy-black-dress-blazer-jacket-1
y	new	British 0000s Saint Thérèse Antique Roman Chasuble Jacket	Jackets / Shirts	1	date-unknown,type-from-product-type,fabric-unknown			Antique Roman Chasuble - Saint Thérèse	https://lambrino.co.uk/products/british-church-of-england-chasuble
y	new	British 0000s Senior Boy Scout's 1960's Short Sleeve Blue Shirt	Jackets / Shirts	1	date-unknown			British Scout's 1960's Shirt Short Sleeve Blue - Senior Boy Scout's - Medium	https://lambrino.co.uk/products/british-scouts-1960s-shirt-short-sleeve-blue-senior-boy-scouts
y	new	British 0000s Wales St Johns Ambulance Black Dress Jacket	Jackets / Shirts	1	date-unknown			British St Johns Ambulance Black Dress Jacket - Wales - Large	https://lambrino.co.uk/products/british-st-johns-ambulance-black-dress-jacket-wales
y	new	British 1940s Royal Naval Reserves' Officer's Dress Jacket	Jackets / Shirts	1				British Royal Naval Reserves' Officer's WW2 Dress Jacket - X Large	https://lambrino.co.uk/products/british-royal-navy-reserves-officers-ww2-dress-jacket
y	new	British 1950s Nurse's Cape Cloak Jacket	Jackets / Shirts	1	type-from-product-type			British Nurse's 40s 50s Cape Cloak - Small	https://lambrino.co.uk/products/british-nurses-cape-cloak
y	new	British 1950s with Ephemera Royal Naval Reserves Black Dress Uniform Jacket	Jackets / Shirts	1				British Royal Naval Reserves 50s Black Dress Uniform - Jacket & Trousers w/ Ephemera - Medium	https://lambrino.co.uk/products/british-royal-naval-reserves-50s-black-dress-uniform-jacket-trousers-w-ephemera
y	new	British Army 0000s 16th 5th Royal Lancers 1980 No.2 Olive Green Dress Jacket	Jackets / Shirts	1	date-unknown			British Army 1980 Pattern No. 2 Olive Green Dress Jacket - 16th/5th Royal Lancers - Medium 176/104	https://lambrino.co.uk/products/british-army-1980-pattern-no-2-olive-green-dress-jacket-16th-5th-royal-lancers
y	new	British Army 0000s 17th 21st Queen's Royal Lancer No.2 FAD Dress Jacket	Jackets / Shirts	1	date-unknown			British Army No.2 FAD Dress Jacket - 17th / 21st Queen's Royal Lancer - Large 170/108	https://lambrino.co.uk/products/british-army-no-2-fad-dress-jacket-17th-21st-queens-royal-lancer
y	new	British Army 0000s 1951 Dismounted Greatcoat	Jackets / Shirts	1	date-unknown			British Army 1951 Pattern Dismounted Greatcoat - Medium SIZE 5	https://lambrino.co.uk/products/british-army-1951-pattern-dismounted-greatcoat-1
y	new	British Army 0000s 1960 Olive Green Combat Smock	Jackets / Shirts	1	date-unknown			British Army 1960 Pattern Olive Green Combat Smock - Medium SIZE 8	https://lambrino.co.uk/products/british-army-1960-pattern-olive-green-combat-smock
y	new	British Army 0000s 1990's DPM NBC Mk IV Protective Smock	Jackets / Shirts	1	date-unknown			British Army 1990's DPM Camouflage NBC Mk IV Protective Smock - 180/100	https://lambrino.co.uk/products/british-army-1990s-dpm-camouflage-nbc-mk-iv-protective-smock
y	new	British Army 0000s 80's DPM No.9 Dress Tropical Combat Jacket	Jackets / Shirts	2	date-unknown			British Army 80's DPM Camo No.9 Dress Tropical Combat Jacket - Large 180/104	https://lambrino.co.uk/products/british-army-80s-dpm-camo-no-9-dress-tropical-combat-jacket-2
y	new	British Army 0000s 90's DPM No.9 Dress Tropical Combat Jacket	Jackets / Shirts	3	date-unknown			British Army 90's DPM Camo No.9 Dress Tropical Combat Jacket - Small 160/88	https://lambrino.co.uk/products/british-army-80s-dpm-camo-no-9-dress-tropical-combat-jacket-1
y	new	British Army 0000s 94 Desert DPM Combat Smock	Jackets / Shirts	1	date-unknown			British Army 94 Pattern Desert DPM Camo Combat Smock - Small 150/80	https://lambrino.co.uk/products/british-army-94-pattern-desert-dpm-camo-combat-smock
y	new	British Army 0000s 94 Woodland DPM Combat Smock	Jackets / Shirts	4	date-unknown			British Army 94 Pattern Woodland DPM Camo Combat Smock - Medium 170/96	https://lambrino.co.uk/products/british-army-94-pattern-woodland-dpm-camo-combat-smock-2
y	new	British Army 0000s 9th 12th Lancers Mess Dress Jacket	Jackets / Shirts	1	date-unknown			British Army Mess Dress Jacket - 9th / 12th Lancers - Large	https://lambrino.co.uk/products/british-army-mess-dress-jacket-9th-12th-lancers
y	new	British Army 0000s 9th 12th Royal Lancers 1980 No.2 Olive Green Dress Jacket	Jackets / Shirts	4	date-unknown			British Army 1980 Pattern No. 2 Olive Green Dress Jacket - 9th/12th Royal Lancers - Medium 180/100	https://lambrino.co.uk/products/british-army-1980-pattern-no-2-olive-green-dress-jacket-9th-12th-royal-lancers-3
y	new	British Army 0000s AAC Bandmaster's Frockcoat Jacket	Jackets / Shirts	1	date-unknown,type-from-product-type			British Army Bandmaster's Frockcoat - AAC - Medium	https://lambrino.co.uk/products/british-army-bandmasters-frockcoat
y	new	British Army 0000s AAC No.2 FAD Dress Jacket	Jackets / Shirts	1	date-unknown			British Army No. 2 FAD Dress Jacket - AAC - Medium 170/100	https://lambrino.co.uk/products/british-army-no-2-fad-dress-jacket-aac
y	new	British Army 0000s ACF Royal Hampshire Drummers Tunic	Jackets / Shirts	4	date-unknown			British Army Royal Hampshire Drummers' Tunic - ACF - Small	https://lambrino.co.uk/products/british-army-royal-hampshire-drummers-tunic-acf-3
y	new	British Army 0000s Adjutant General Corps 1980 No.2 Olive Green Dress Jacket	Jackets / Shirts	1	date-unknown			British Army 1980 Pattern No. 2 Olive Green Dress Jacket - Adjutant General Corps - Medium 178/100	https://lambrino.co.uk/products/british-army-1980-pattern-no-2-olive-green-dress-jacket-adjutant-general-corps
y	new	British Army 0000s Adjutant General's Corps No.1 Dress Jacket	Jackets / Shirts	1	date-unknown			British Army No. 1 Dress Jacket - Adjutant General's Corps - Large 176/112	https://lambrino.co.uk/products/british-army-no-1-dress-jacket-adjutant-generals-corps
y	new	British Army 0000s Adjutant General's Corps No.2 FAD Dress Jacket	Jackets / Shirts	1	date-unknown			British Army No.2 FAD Dress Jacket - Adjutant General's Corps	https://lambrino.co.uk/products/british-army-no-2-fad-dress-jacket-adjutant-generals-corps
y	new	British Army 0000s Adjutant General's Corps No.2 FAD Dress Women's Jacket	Jackets / Shirts	1	date-unknown			British Army No. 2 FAD Dress Women's Jacket - Adjutant General's Corps - Small	https://lambrino.co.uk/products/british-army-no-2-fad-dress-jacket-adjutant-generals-corps-1
y	new	British Army 0000s Adjutant Generals Corps 1980 Women's No.2 Olive Green Dress Jacket	Jackets / Shirts	1	date-unknown			British Army 1980 Pattern Women's No. 2 Olive Green Dress Jacket - Adjutant Generals Corps - X Small 154/84	https://lambrino.co.uk/products/british-army-1980-pattern-womens-no-2-olive-green-dress-jacket-adjutant-generals-corps
y	new	British Army 0000s Adjutant Generals Corps No.2 FAD Dress Jacket 2	Jackets / Shirts	3	date-unknown,name-disambiguated			British Army No. 2 FAD Dress Jacket - Adjutant Generals Corps - Large 176/108	https://lambrino.co.uk/products/british-army-no-2-fad-dress-jacket-adjutant-generals-corps-3
y	new	British Army 0000s Adjutant Generals Corps No.6 Tropical Dress Jacket	Jackets / Shirts	1	date-unknown			British Army No. 6 Tropical Dress Jacket - Adjutant Generals Corps - Large 176/112	https://lambrino.co.uk/products/british-army-no-6-tropical-dress-jacket-2
y	new	British Army 0000s Air Corps 1980 No.2 Olive Green Dress Jacket	Jackets / Shirts	4	date-unknown			British Army 1980 Pattern No. 2 Olive Green Dress Jacket - Army Air Corps - Medium 182/104	https://lambrino.co.uk/products/british-army-1980-pattern-no-2-olive-green-dress-jacket-army-air-corps-2
y	new	British Army 0000s Air Corps No.2 FAD Dress Jacket	Jackets / Shirts	2	date-unknown			British Army No. 2 FAD Dress Jacket - Army Air Corps - Medium 176/96	https://lambrino.co.uk/products/british-army-no-2-fad-dress-jacket-army-air-corps
y	new	British Army 0000s Argyll Sutherland Highlanders 1980 Scottish No.2 Olive Green Dress Jacket	Jackets / Shirts	1	date-unknown			British Army 1980 Scottish Pattern No. 2 Olive Green Dress Jacket - Argyll & Sutherland Highlanders Reg - Medium 176/92	https://lambrino.co.uk/products/british-army-1980-scottish-pattern-no-2-olive-green-dress-jacket-argyll-and-sutherland-highlanders-reg
y	new	British Army 0000s Bandmans Footguards' Rain Cloak Jacket	Jackets / Shirts	7	date-unknown,type-from-product-type			British Army Bandmans Footguards' Rain Cloak - Medium / Large	https://lambrino.co.uk/products/british-army-bandmans-footguards-rain-cloak-medium-large
y	new	British Army 0000s Bandmans and Trumpeter Blues Royals Tunic	Jackets / Shirts	2	date-unknown			British Army Blues & Royals Tunic - Bandmans and Trumpeter - Medium	https://lambrino.co.uk/products/british-army-blues-royals-tunic-bandmans-and-trumpeter-2
y	new	British Army 0000s CQMS SGT Coldstream Guards Footguard's Jacket	Jackets / Shirts	1	date-unknown			British Army Footguard's Jacket - CQMS & SGT - Coldstream Guards - Medium	https://lambrino.co.uk/products/british-army-footguards-jacket-officers-coldstream-guards-3
y	new	British Army 0000s Cheshire Rifle Volunteers Victorian Officer's Scarlet Tunic	Jackets / Shirts	1	date-unknown			British Army Victorian Officer's Scarlet Tunic - Cheshire Rifle Volunteers - Small	https://lambrino.co.uk/products/british-army-scarlet-tunic-cheshire-rifle-volunteers
y	new	British Army 0000s Cold Weather Liner Gilet	Jackets / Shirts	37	date-unknown			British Army Cold Weather Jacket Gilet Liner - Medium SIZE 1	https://lambrino.co.uk/products/british-army-cold-weather-jacket-gilet-liner-medium-size-5
y	new	British Army 0000s Coldstream Guards 1980 No.2 Olive Green Dress Jacket	Jackets / Shirts	1	date-unknown			British Army 1980 Pattern No. 2 Olive Green Dress Jacket - Coldstream Guards - Large 188/108	https://lambrino.co.uk/products/british-army-1980-pattern-no-2-olive-green-dress-jacket-coldstream-guards
y	new	British Army 0000s Coldstream Guards 30s Footguards Officer's Double Breasted Wool Greatcoat	Jackets / Shirts	1	date-unknown			British Army 30s Footguards Officer's Double Breasted Wool Greatcoat - Coldstream Guards - Small	https://lambrino.co.uk/products/british-army-30s-footguards-double-breasted-wool-greatcoat-coldstream-guards
y	new	British Army 0000s Coldstream Guards Footguard's CQMS Sgts Jacket	Jackets / Shirts	1	date-unknown			British Army Footguard's Jacket CQMS & Sgts - Coldstream Guards - Medium	https://lambrino.co.uk/products/british-army-footguards-jacket-officers-coldstream-guards-1
y	new	British Army 0000s Coldstream Guards Footguard's Officer's Jacket	Jackets / Shirts	2	date-unknown			British Army Footguard's Jacket Officer's - Coldstream Guards - Medium	https://lambrino.co.uk/products/british-army-footguards-jacket-officers-coldstream-guards-2
y	new	British Army 0000s Coldstream Guards Footguard's R F Jacket	Jackets / Shirts	21	date-unknown			British Army Footguard's Jacket R & F - Coldstream Guards - Medium	https://lambrino.co.uk/products/british-army-footguards-jacket-r-f-coldstream-guards-21
y	new	British Army 0000s Coldstream Guards Footguards Wool Greatcoat	Jackets / Shirts	3	date-unknown			British Army Footguards Wool Greatcoat - Coldstream Guards - Medium	https://lambrino.co.uk/products/british-army-footguards-wool-greatcoat-coldstream-guards-2
y	new	British Army 0000s Coldstream Guards No.1 Dress Jacket	Jackets / Shirts	3	date-unknown			British Army No. 1 Dress Jacket - Coldstream Guards - Large	https://lambrino.co.uk/products/british-army-no-1-dress-jacket-coldstream-guards-2
y	new	British Army 0000s Coldstream Guards No.2 FAD Dress Jacket	Jackets / Shirts	15	date-unknown			British Army No. 2 FAD Dress Jacket - Coldstream Guards - Medium 182/96	https://lambrino.co.uk/products/british-army-no-2-fad-dress-jacket-coldstream-guards-14
y	new	British Army 0000s Colonels Brigadiers Khaki Wool Greatcoat	Jackets / Shirts	1	date-unknown			British Army Khaki Wool Greatcoat - Colonels & Brigadiers - Medium	https://lambrino.co.uk/products/british-army-khaki-wool-greatcoat-colonels-brigadiers
y	new	British Army 0000s Corps of Music No.1 Dress Jacket	Jackets / Shirts	1	date-unknown			British Army No. 1 Dress Jacket - Corps of Army Music - Medium 170/108	https://lambrino.co.uk/products/british-army-no-1-dress-jacket-corps-of-army-music
y	new	British Army 0000s DPM Field Tailored Shirt	Jackets / Shirts	1	date-unknown			British Army DPM Camouflage Field Tailored Shirt / Vest - Medium 180/96	https://lambrino.co.uk/products/british-army-dpm-camouflage-field-tailored-shirt-vest
y	new	British Army 0000s DPM Waterproof PVC Hooded Smock	Jackets / Shirts	1	date-unknown,fabric-unknown			British Army DPM Camo Waterproof PVC Hooded Smock Jacket - Medium 170/90	https://lambrino.co.uk/products/british-army-dpm-camo-waterproof-pvc-hooded-smock-jacket
y	new	British Army 0000s Desert DPM Combat Cotton Jacket	Jackets / Shirts	5	date-unknown			British Army Desert DPM Camouflage Combat Jacket / Shirt - Pattern 94 - 190/104	https://lambrino.co.uk/products/british-army-desert-dpm-camouflage-combat-jacket-shirt-pattern-97
y	new	British Army 0000s Desert DPM Combat Poly-Cotton Jacket	Jackets / Shirts	1	date-unknown			British Army Desert DPM Camouflage Combat Jacket / Shirt - Large 190/112	https://lambrino.co.uk/products/british-army-desert-dpm-camouflage-1980s-combat-jacket-shirt
y	new	British Army 0000s Desert DPM DDPM UBACS Combat Shirt	Jackets / Shirts	2	date-unknown			British Army Desert DPM Camouflage DDPM UBACS Combat Shirt - Large	https://lambrino.co.uk/products/british-army-desert-dpm-camouflage-ddpm-ubacs-combat-shirt-large
y	new	British Army 0000s Desert DPM DDPM UBACS Padded Combat Shirt	Jackets / Shirts	5	date-unknown			British Army Desert DPM Camouflage DDPM UBACS Padded Combat Shirt - Medium	https://lambrino.co.uk/products/british-army-desert-dpm-camouflage-ddpm-ubacs-padded-combat-shirt-medium-1
y	new	British Army 0000s Duke of Lancaster's Regiment No.2 FAD Dress Jacket	Jackets / Shirts	1	date-unknown			British Army No.2 FAD Dress Jacket - Duke of Lancaster's Regiment	https://lambrino.co.uk/products/british-army-no-2-fad-dress-jacket-duke-of-lancasters-regiment
y	new	British Army 0000s Duke of Lancaster's Regiment No.6 Tropical Dress Cotton Jacket	Jackets / Shirts	1	date-unknown			British Army No. 6 Tropical Dress Jacket - Duke of Lancaster's Regiment - Medium 170/96	https://lambrino.co.uk/products/british-army-no-6-tropical-dress-jacket-duke-of-lancasters-regiment-1
y	new	British Army 0000s Duke of Lancaster's Regiment No.6 Tropical Dress Viscose Jacket	Jackets / Shirts	1	date-unknown			British Army No. 6 Tropical Dress Jacket - Duke of Lancaster's Regiment - Medium 164/94	https://lambrino.co.uk/products/british-army-no-6-tropical-dress-jacket-duke-of-lancasters-regiment
y	new	British Army 0000s Duke of Lancaster's Regiment Old No.2 Olive Green Dress Jacket	Jackets / Shirts	2	date-unknown			British Army Old Pattern No. 2 Olive Green Dress Jacket - Duke of Lancaster's Regiment - Small 176/88	https://lambrino.co.uk/products/british-army-old-pattern-no-2-olive-green-dress-jacket-duke-of-lancasters-regiment
y	new	British Army 0000s Edinburgh University Officer's Training Corps Women's No.2 Olive Green Dress Jacket	Jackets / Shirts	1	date-unknown			British Army Women's No. 2 Olive Green Dress Jacket - Edinburgh University Officer's Training Corps - Medium 178/100	https://lambrino.co.uk/products/british-army-womens-no-2-olive-green-dress-jacket
y	new	British Army 0000s Extreme Cold Weather Liner Smock	Jackets / Shirts	6	date-unknown			British Army Extreme Cold Weather Smock Jacket Liner - Large 170/112	https://lambrino.co.uk/products/british-army-extreme-cold-weather-smock-jacket-liner-4
y	new	British Army 0000s Fawn All Ranks Long Sleeve Shirt	Jackets / Shirts	1	date-unknown			British Army Fawn All Ranks Long Sleeve Shirt	https://lambrino.co.uk/products/british-army-fawn-all-ranks-long-sleeve-shirt
y	new	British Army 0000s Fawn All Ranks Short Sleeve Shirt	Jackets / Shirts	1	date-unknown			British Army Fawn All Ranks Short Sleeve Shirt	https://lambrino.co.uk/products/british-army-fawn-all-ranks-short-sleeve-shirt
y	new	British Army 0000s Fawn Cotton Long Sleeve Shirt	Jackets / Shirts	1	date-unknown			British Army Mens Fawn Cotton Shirt Long Sleeve - Large C42	https://lambrino.co.uk/products/british-army-mens-fawn-cotton-shirt-long-sleeve
y	new	British Army 0000s Fawn Long Sleeve Cotton Shirt	Jackets / Shirts	1	date-unknown			British Army Womens Fawn Shirt Long Sleeve - Small 88cm	https://lambrino.co.uk/products/british-army-womens-fawn-shirt-long-sleeve
y	new	British Army 0000s Fawn Long Sleeve Polyester Shirt	Jackets / Shirts	5	date-unknown			British Army Mens Fawn Shirt Long Sleeve - X Large C43	https://lambrino.co.uk/products/british-army-mens-fawn-shirt-long-sleeve-2
y	new	British Army 0000s Fawn Pure Cotton Long Sleeve Shirt	Jackets / Shirts	1	date-unknown			British Army Mens Fawn Shirt Pure Cotton Long Sleeve - Large C42	https://lambrino.co.uk/products/british-army-mens-fawn-shirt-pure-cotton-long-sleeve
y	new	British Army 0000s Fawn Short Sleeve Shirt	Jackets / Shirts	13	date-unknown			British Army Mens Fawn Shirt Short Sleeve - Large 40C	https://lambrino.co.uk/products/british-army-mens-fawn-shirt-short-sleeve-11
y	new	British Army 0000s Footguards Wool Greatcoat	Jackets / Shirts	5	date-unknown			British Army Footguards Wool Greatcoat - Medium	https://lambrino.co.uk/products/british-army-footguards-wool-greatcoat-6
y	new	British Army 0000s Forces Stone All Ranks Short Sleeve Shirt	Jackets / Shirts	1	date-unknown			British Army / Forces Stone All Ranks Short Sleeve Shirt	https://lambrino.co.uk/products/british-army-forces-stone-all-ranks-short-sleeve-shirt
y	new	British Army 0000s Green All Ranks Long Sleeve Shirt	Jackets / Shirts	1	date-unknown			British Army Green All Ranks Long Sleeve Shirt	https://lambrino.co.uk/products/british-army-green-all-ranks-long-sleeve-shirt
y	new	British Army 0000s Green Thermal Fleece	Jackets / Shirts	2	date-unknown			British Army Green Thermal Fleece - Small 170/88	https://lambrino.co.uk/products/british-army-green-thermal-fleece-1
y	new	British Army 0000s Grenadier Guards Footguard's R F Jacket	Jackets / Shirts	4	date-unknown			British Army Footguard's Jacket R & F - Grenadier Guards - Medium	https://lambrino.co.uk/products/british-army-footguards-jacket-r-f-grenadier-guards-3
y	new	British Army 0000s Grenadier Guards Footguards Wool Greatcoat	Jackets / Shirts	6	date-unknown			British Army Footguards Wool Greatcoat - Grenadier Guards - Medium	https://lambrino.co.uk/products/british-army-footguards-wool-greatcoat-grenadier-guards-4
y	new	British Army 0000s Grenadier Guards No.2 FAD Dress Jacket	Jackets / Shirts	2	date-unknown			British Army No. 2 FAD Dress Jacket - Grenadier Guards - Medium 176/104	https://lambrino.co.uk/products/british-army-no-2-fad-dress-jacket-grenadier-guards-1
y	new	British Army 0000s Grenadier Guards No.6 Tropical Dress with Jacket	Jackets / Shirts	1	date-unknown			British Army No. 6 Tropical Dress Jacket w/ Belt - Grenadier Guards - Large 182/104	https://lambrino.co.uk/products/british-army-no-6-tropical-dress-jacket-grenadier-guards
y	new	British Army 0000s Grenadier Guards Officer's Double Breasted Wool Greatcoat	Jackets / Shirts	1	date-unknown			British Army Officer's Double Breasted Wool Greatcoat - Grenadier Guards - Medium	https://lambrino.co.uk/products/british-army-officers-double-breasted-wool-greatcoat-grenadier-guards
y	new	British Army 0000s Gurkha Rifles Old No.2 Olive Green Dress Jacket	Jackets / Shirts	1	date-unknown			British Army Old Pattern No. 2 Olive Green Dress Jacket - Gurkha Rifles - Medium 176/100	https://lambrino.co.uk/products/british-army-old-pattern-no-2-olive-green-dress-jacket-gurkha-rifles
y	new	British Army 0000s Gurkha Staff Personnel Support No.2 FAD Dress Jacket	Jackets / Shirts	1	date-unknown			British Army No. 2 FAD Dress Jacket - Gurkha Staff & Personnel Support - Small 164/88	https://lambrino.co.uk/products/british-army-no-2-fad-dress-jacket-27
y	new	British Army 0000s Height White Snow Cover Smock	Jackets / Shirts	2	date-unknown			British Army White Snow Camouflage Smock Cover - Height 180cm	https://lambrino.co.uk/products/british-army-white-snow-camouflage-smock-cover-2
y	new	British Army 0000s Honourable Artillery Company Bandmans' Rain Cloak Jacket	Jackets / Shirts	3	date-unknown,type-from-product-type			British Army Bandmans' Rain Cloak - Honourable Artillery Company - Large	https://lambrino.co.uk/products/british-army-bandmans-rain-cloak-honourable-artillery-company-2
y	new	British Army 0000s Household Cavalry Horse Guards Blues Royals Cloak Jacket	Jackets / Shirts	1	date-unknown,type-from-product-type			British Army Household Cavalry / Horse Guards Blues & Royals Cloak - Large / X Large	https://lambrino.co.uk/products/british-army-household-cavalry-life-guards-cloak
y	new	British Army 0000s Household Cavalry Life Guards Scarlet Red Cloak Jacket	Jackets / Shirts	2	date-unknown,type-from-product-type			British Army Household Cavalry / Life Guards Scarlet Red Cloak - Large	https://lambrino.co.uk/products/british-army-household-cavalry-life-guards-scarlet-red-cloak-1
y	new	British Army 0000s Household Cavalry Mounted Band Winter State Riding Cloak Jacket	Jackets / Shirts	1	date-unknown,type-from-product-type			British Army Household Cavalry Mounted Band Winter State Riding Cloak - Large / X Large	https://lambrino.co.uk/products/british-army-household-cavalry-life-guards-winter-burgundy-riding-cloak
y	new	British Army 0000s Indian Medical Service 20s Interwar Mess Dress Jacket	Jackets / Shirts	1	date-unknown			British Army 20s Interwar Mess Dress Jacket - Indian Medical Service - Medium	https://lambrino.co.uk/products/british-army-20s-interwar-mess-dress-jacket-indian-medical-service
y	new	British Army 0000s Intelligence Corps No.2 FAD Dress Jacket	Jackets / Shirts	1	date-unknown			British Army No. 2 FAD Dress Jacket - Intelligence Corps - Medium 176/104	https://lambrino.co.uk/products/british-army-no-2-fad-dress-jacket-intelligence-corps
y	new	British Army 0000s Intelligence Corps Women's No.2 Olive Green Dress Jacket	Jackets / Shirts	1	date-unknown			British Army Women's No. 2 Olive Green Dress Jacket - Intelligence Corps - Small 162/84	https://lambrino.co.uk/products/british-army-womens-no-2-olive-green-dress-jacket-intelligence-corps
y	new	British Army 0000s Irish Guard's Footguards' Rain Cloak Jacket	Jackets / Shirts	1	date-unknown,type-from-product-type			British Army Irish Guard's Footguards' Rain Cloak - Large	https://lambrino.co.uk/products/british-army-irish-guards-footguards-rain-cloak
y	new	British Army 0000s Irish Guards 1951 Dismounted Greatcoat	Jackets / Shirts	1	date-unknown			British Army 1951 Pattern Dismounted Greatcoat - Irish Guards - Large SIZE 11	https://lambrino.co.uk/products/british-army-1951-pattern-dismounted-greatcoat-irish-guards
y	new	British Army 0000s Irish Guards Footguards Wool Greatcoat	Jackets / Shirts	9	date-unknown			British Army Footguards Wool Greatcoat - Irish Guards - Medium	https://lambrino.co.uk/products/british-army-footguards-wool-greatcoat-irish-guards-8
y	new	British Army 0000s Irish Guards No.2 FAD Dress Jacket	Jackets / Shirts	1	date-unknown			British Army No. 2 FAD Dress Jacket - Irish Guards - Medium 164/92	https://lambrino.co.uk/products/british-army-no-2-fad-dress-jacket-irish-guards
y	new	British Army 0000s Irish Guards No.2 FAD Dress with Jacket	Jackets / Shirts	1	date-unknown			British Army No. 2 FAD Dress Jacket w/ Belt - Irish Guards - Medium 170/88	https://lambrino.co.uk/products/british-army-no-2-fad-dress-jacket-irish-guards-1
y	new	British Army 0000s Khaki Long Sleeve Shirt	Jackets / Shirts	1	date-unknown			British Army Khaki Long Sleeve Shirt	https://lambrino.co.uk/products/british-army-khaki-long-sleeve-shirt
y	new	British Army 0000s LANCS No.1 Dress Jacket	Jackets / Shirts	1	date-unknown			British Army No. 1 Dress Jacket - LANCS - Large 182/112	https://lambrino.co.uk/products/british-army-no-1-dress-jacket-w-belt-lancs
y	new	British Army 0000s Light Infantry No.2 Khaki Green Dress Jacket	Jackets / Shirts	1	date-unknown			British Army No. 2 Khaki Green Dress Jacket - Light Infantry - Small 182/88	https://lambrino.co.uk/products/british-army-no-2-khaki-green-dress-jacket-light-infantry
y	new	British Army 0000s Light Infantry No.6 Tropical Dress Jacket	Jackets / Shirts	2	date-unknown			British Army No. 6 Tropical Dress Jacket - Light Infantry - Medium 176/100	https://lambrino.co.uk/products/british-army-no-6-tropical-dress-jacket-light-infantry
y	new	British Army 0000s MVP Foul Weather Combat Jacket	Jackets / Shirts	1	date-unknown,fabric-unknown			British Army MVP Foul Weather Combat Jacket - Large 190/112	https://lambrino.co.uk/products/british-army-mvp-foul-weather-combat-jacket
y	new	British Army 0000s MVP Green Cavalry Riding Cloak Coat	Jackets / Shirts	2	date-unknown,fabric-unknown			British Army MVP Green Cavalry Riding Cloak Coat - XX Large 190/130	https://lambrino.co.uk/products/british-army-mvp-green-cavalry-riding-cloak-coat
y	new	British Army 0000s Malaysian M70 Brushstroke Jacket	Jackets / Shirts	1	date-unknown,fabric-unknown			Malaysian Army M70 Brushstroke Camouflage Jacket - Medium	https://lambrino.co.uk/products/malaysian-army-m70-brushstroke-camouflage-jacket
y	new	British Army 0000s Man's Fawn Long Sleeve Cotton Shirt	Jackets / Shirts	1	date-unknown			British Army Man's Fawn Shirt Long Sleeve - Large	https://lambrino.co.uk/products/british-army-mans-fawn-shirt-long-sleeve
y	new	British Army 0000s Man's Fawn Long Sleeve Poly-Cotton Shirt	Jackets / Shirts	2	date-unknown			British Army Man's Fawn Shirt Long Sleeve - Small	https://lambrino.co.uk/products/british-army-mans-fawn-shirt-long-sleeve-2
y	new	British Army 0000s Medical Corps 1980 No.2 Olive Green Dress Jacket	Jackets / Shirts	1	date-unknown			British Army 1980 Pattern No. 2 Olive Green Dress Jacket - Medical Corps - Medium 176/96	https://lambrino.co.uk/products/british-army-1980-pattern-no-2-olive-green-dress-jacket-medical-corps
y	new	British Army 0000s Medical Corps 1980 Women's No.2 Olive Green Dress Jacket	Jackets / Shirts	2	date-unknown			British Army 1980 Pattern Women's No. 2 Olive Green Dress Jacket - Medical Corps - Small 154/92	https://lambrino.co.uk/products/british-army-1980-pattern-womens-no-2-olive-green-dress-jacket-medical-corps
y	new	British Army 0000s Medical Corps No.2 Dress Moss Bros Jacket	Jackets / Shirts	1	date-unknown			British Army No. 2 Dress Jacket Moss Bros - Medical Corps - Medium	https://lambrino.co.uk/products/british-army-no-2-fad-dress-jacket-medical-corps-6
y	new	British Army 0000s Medical Corps No.2 FAD Dress Jacket	Jackets / Shirts	7	date-unknown			British Army No.2 FAD Dress Jacket - Medical Corps - Large 188/108	https://lambrino.co.uk/products/british-army-no-2-fad-dress-jacket-medical-corps-7
y	new	British Army 0000s Medical Corps No.2 Khaki Green Dress Jacket	Jackets / Shirts	1	date-unknown			British Army No. 2 Khaki Green Dress Jacket - Medical Corps - Medium	https://lambrino.co.uk/products/british-army-no-2-khaki-green-dress-jacket-medical-corps
y	new	British Army 0000s Medical Corps Women's No.2 FAD Dress Jacket	Jackets / Shirts	1	date-unknown			British Army Women's No 2 FAD Dress Jacket - Medical Corps - X Small 154/92	https://lambrino.co.uk/products/british-army-womens-no-2-fad-dress-jacket-medical-corps
y	new	British Army 0000s Men's White Nursing Staff Jacket	Jackets / Shirts	1	date-unknown			British Army Men's White Nursing Staff Jacket	https://lambrino.co.uk/products/british-army-nursing-jacket
y	new	British Army 0000s Mercian Regiment No.1 Dress Jacket	Jackets / Shirts	4	date-unknown			British Army No. 1 Dress Jacket - Mercian Regiment - Large 194/108	https://lambrino.co.uk/products/british-army-no-1-dress-jacket-royal-mercian-regiment
y	new	British Army 0000s Mercian Regiment No.2 FAD Dress Jacket	Jackets / Shirts	2	date-unknown			British Army No. 2 FAD Dress Jacket - Mercian Regiment - Small 182/88	https://lambrino.co.uk/products/british-army-no-2-fad-dress-jacket-mercian-regiment
y	new	British Army 0000s Mess Dress Jacket	Jackets / Shirts	1	date-unknown			British Army Mess Dress Jacket - Small	https://lambrino.co.uk/products/british-army-mess-dress-jacket
y	new	British Army 0000s Musician's Blue Performance Jacket	Jackets / Shirts	1	date-unknown			British Army Musician's Blue Performance Jacket - Medium	https://lambrino.co.uk/products/british-army-musicians-blue-performance-jacket
y	new	British Army 0000s Musician's Burgundy Performance Jacket	Jackets / Shirts	4	date-unknown			British Army Musician's Burgundy Performance Jacket - XX Large	https://lambrino.co.uk/products/british-army-musicians-burgundy-performance-jacket-1
y	new	British Army 0000s NBC Olive Green Smock	Jackets / Shirts	1	date-unknown			British Army NBC Smock Olive Green - Medium Large	https://lambrino.co.uk/products/british-army-nbc-smock-olive-green
y	new	British Army 0000s No.1 Dress Jacket	Jackets / Shirts	8	date-unknown			British Army No. 1 Dress Jacket - Large	https://lambrino.co.uk/products/british-army-no-1-dress-jacket-13
y	new	British Army 0000s No.2 Dress Jacket	Jackets / Shirts	1	date-unknown			British Army No. 2 Dress Jacket - Large 180/112	https://lambrino.co.uk/products/british-army-no-2-dress-jacket-1
y	new	British Army 0000s No.2 FAD Dress Jacket	Jackets / Shirts	24	date-unknown			British Army No. 2 FAD Dress Jacket - Large 188/108	https://lambrino.co.uk/products/british-army-no-2-fad-dress-jacket-royal-engineers-9
y	new	British Army 0000s No.2 FAD Dress with Scarlet Piping Jacket	Jackets / Shirts	1	date-unknown			British Army No.2 FAD Dress Jacket w/ Scarlet Piping - Small 164/96	https://lambrino.co.uk/products/british-army-no-2-fad-dress-jacket-w-scarlet-piping
y	new	British Army 0000s No.6 Tropical Dress Polyester Jacket	Jackets / Shirts	1	date-unknown			British Army No. 6 Tropical Dress Jacket - Medium 170/92	https://lambrino.co.uk/products/british-army-no-6-tropical-dress-jacket
y	new	British Army 0000s No.6 Tropical Dress Wool Jacket	Jackets / Shirts	1	date-unknown			British Army No. 6 Tropical Dress Jacket - Large 176/112	https://lambrino.co.uk/products/british-army-no-6-tropical-dress-jacket-5
y	new	British Army 0000s Officer's Double Breasted Wool Greatcoat	Jackets / Shirts	1	date-unknown			British Army Officer's Double Breasted Wool Greatcoat - Medium	https://lambrino.co.uk/products/british-army-officers-double-breasted-wool-greatcoat
y	new	British Army 0000s Officer's Frockcoat Footguards Black Jacket	Jackets / Shirts	1	date-unknown,type-from-product-type			British Army Officer's Frockcoat Footguards Black - Medium	https://lambrino.co.uk/products/british-army-officers-frockcoat-footguards-black
y	new	British Army 0000s Officer's Tropical Royal Chaplains' Department Jacket	Jackets / Shirts	1	date-unknown			British Army Officer's Tropical Jacket -Royal Army Chaplains' Department - Small	https://lambrino.co.uk/products/british-army-officers-kd-dress-jacket
y	new	British Army 0000s Old 1980 No.2 Olive Green Dress Jacket	Jackets / Shirts	4	date-unknown			British Army Old 1980 Pattern No. 2 Olive Green Dress Jacket - Large 188/112	https://lambrino.co.uk/products/british-army-old-1980-pattern-no-2-olive-green-dress-jacket-2
y	new	British Army 0000s Old No.2 Khaki Green Dress Jacket	Jackets / Shirts	9	date-unknown			British Army Old Pattern No. 2 Khaki Green Dress Jacket - Large 180/104	https://lambrino.co.uk/products/british-army-old-pattern-no-2-khaki-green-dress-jacket-8
y	new	British Army 0000s Old Scottish No.2 Khaki Green Dress Jacket	Jackets / Shirts	1	date-unknown			British Army Old Pattern Scottish No. 2 Khaki Green Dress Jacket - Medium 182/96	https://lambrino.co.uk/products/british-army-old-pattern-scottish-no-2-khaki-green-dress-jacket
y	new	British Army 0000s Olive Green Cotton Long Sleeve Shirt	Jackets / Shirts	11	date-unknown			British Army Mens Olive Green Cotton Shirt Long Sleeve - X Large C47/48	https://lambrino.co.uk/products/british-army-mens-olive-green-cotton-shirt-long-sleeve-10
y	new	British Army 0000s Olive Green Cotton Short Sleeve Shirt	Jackets / Shirts	4	date-unknown			British Army Mens Olive Green Cotton Shirt Short Sleeve - Large C41/43	https://lambrino.co.uk/products/british-army-mens-olive-green-cotton-shirt-short-sleeve-2
y	new	British Army 0000s Olive Green Jumper	Jackets / Shirts	29	date-unknown			British Army Olive Green Pullover Jumper - Small 82cm	https://lambrino.co.uk/products/british-army-olive-green-pullover-jumper-12
y	new	British Army 0000s Olive Green Short Sleeve Shirt	Jackets / Shirts	1	date-unknown			British Army Mens Olive Green Shirt Short Sleeve - Medium C38/40	https://lambrino.co.uk/products/british-army-mens-olive-green-shirt-short-sleeve
y	new	British Army 0000s Olive Green Wool Long Sleeve Shirt	Jackets / Shirts	3	date-unknown			British Army Mens Olive Green Wool Shirt Long Sleeve - Medium SIZE 2	https://lambrino.co.uk/products/british-army-mens-olive-green-wool-shirt-long-sleeve-medium-size-2
y	new	British Army 0000s Olive OG Utility Jumper	Jackets / Shirts	7	date-unknown			British Army Olive OG Utility Jersey Pullover Jumper - Medium 94cm	https://lambrino.co.uk/products/british-army-olive-og-utility-jersey-pullover-jumper-medium-94cm-3
y	new	British Army 0000s Olive OG Utility with Lance Corporal Patch Jumper	Jackets / Shirts	1	date-unknown			British Army Olive OG Utility Jersey Pullover Jumper w/ Lance Corporal Patch - Large 106cm	https://lambrino.co.uk/products/british-army-olive-og-utility-jersey-pullover-jumper-w-lance-corporal-patch
y	new	British Army 0000s Olive OG Utility with RLC Pips Jumper	Jackets / Shirts	1	date-unknown			British Army Olive OG Utility Jersey Pullover Jumper w/ RLC Pips - X Small 74cm	https://lambrino.co.uk/products/british-army-genuine-wool-olive-og-utility-jersey-pullover-jumper-w-insignia
y	new	British Army 0000s Olive OG Utility with Sergeant Patch Jumper	Jackets / Shirts	1	date-unknown			British Army Olive OG Utility Jersey Pullover Jumper w/ Sergeant Patch - Large	https://lambrino.co.uk/products/british-army-olive-og-utility-jersey-pullover-jumper-w-sergeant-patch
y	new	British Army 0000s Olive V Neck Jumper	Jackets / Shirts	1	date-unknown			British Army Olive V Neck Pullover Jumper - Medium 100cm	https://lambrino.co.uk/products/british-army-olive-v-neck-pullover-jumper
y	new	British Army 0000s P84 DPM NBC NBCP Mk III Protective Suit Smock	Jackets / Shirts	1	date-unknown			British Army P84 DPM Camo NBC NBCP Mk III Protective Suit Smock - Medium / Large	https://lambrino.co.uk/products/british-army-p84-dpm-camo-nbc-nbcp-mk-iii-protective-suit-smock
y	new	British Army 0000s PT Windbreaker Jacket	Jackets / Shirts	2	date-unknown			British Army PT Windbreaker Jacket - Medium	https://lambrino.co.uk/products/british-army-pt-windbreaker-jacket-1
y	new	British Army 0000s PTI Grey Cotton Sweatshirt	Jackets / Shirts	3	date-unknown			British Army PTI Grey Sweatshirt Jumper - Medium	https://lambrino.co.uk/products/british-army-pti-grey-sweatshirt-jumper-medium
y	new	British Army 0000s PTI Grey Polyester Sweatshirt	Jackets / Shirts	3	date-unknown			British Army PTI Grey Sweatshirt Jumper - Large	https://lambrino.co.uk/products/british-army-pti-grey-sweatshirt-jumper-3
y	new	British Army 0000s PTI Track Jacket	Jackets / Shirts	17	date-unknown			British Army PTI Track Jacket - Medium 170/100	https://lambrino.co.uk/products/british-army-pti-track-jacket-medium-170-102
y	new	British Army 0000s PWRR No.1 Dress Jacket	Jackets / Shirts	1	date-unknown			British Army No. 1 Dress Jacket - PWRR - Medium 182/92	https://lambrino.co.uk/products/british-army-no-1-dress-jacket-pwrr
y	new	British Army 0000s PWRR No.6 Tropical Dress Jacket	Jackets / Shirts	1	date-unknown			British Army No. 6 Tropical Dress Jacket - PWRR - Medium 182/100	https://lambrino.co.uk/products/british-army-no-6-tropical-dress-jacket-pwrr
y	new	British Army 0000s PWRR Old No.2 Olive Brown Dress Jacket	Jackets / Shirts	1	date-unknown			British Army Old Pattern No. 2 Olive Brown Dress Jacket - PWRR - Large	https://lambrino.co.uk/products/british-army-old-pattern-no-2-olive-green-dress-jacket-pwrr
y	new	British Army 0000s Parachute Regiment No.2 FAD Dress Jacket	Jackets / Shirts	16	date-unknown			British Army No. 2 FAD Dress Jacket - Parachute Regiment - Medium 182/100	https://lambrino.co.uk/products/british-army-no-2-fad-dress-jacket-parachute-regiment-14
y	new	British Army 0000s Parachute Regiment Old No.2 Khaki Green Dress Jacket	Jackets / Shirts	1	date-unknown			British Army Old Pattern No. 2 Khaki Green Dress Jacket - Parachute Regiment - Large 176/112	https://lambrino.co.uk/products/british-army-old-pattern-no-2-khaki-green-dress-jacket-parachute-regiment
y	new	British Army 0000s Physical Training Corps No.2 FAD Dress Jacket	Jackets / Shirts	1	date-unknown			British Army No.2 FAD Dress Jacket - Physical Training Corps - Medium 164/100	https://lambrino.co.uk/products/british-army-no-2-fad-dress-jacket-20
y	new	British Army 0000s Portsmouth Citadel Salvation Women's Ceremonial Dress Jacket	Jackets / Shirts	1	date-unknown			British Salvation Army Women's Ceremonial Dress Jacket - Portsmouth Citadel - Medium	https://lambrino.co.uk/products/british-salvation-army-womens-ceremonial-dress-jacket
y	new	British Army 0000s QARANC 1980 No.2 Olive Green Dress Jacket	Jackets / Shirts	1	date-unknown			British Army 1980 Pattern No. 2 Olive Green Dress Jacket - QARANC - Medium 176/100	https://lambrino.co.uk/products/british-army-1980-pattern-no-2-olive-green-dress-jacket-qaranc
y	new	British Army 0000s QARANC Mess Dress Jacket	Jackets / Shirts	1	date-unknown			British Army Mess Dress Jacket - QARANC - Medium	https://lambrino.co.uk/products/british-army-mess-dress-jacket-qaranc
y	new	British Army 0000s QARANC No.2 FAD Dress Jacket	Jackets / Shirts	1	date-unknown			British Army No. 2 FAD Dress Jacket - QARANC - Medium 188/96	https://lambrino.co.uk/products/british-army-no-2-fad-dress-jacket-qaranc
y	new	British Army 0000s QARANC Regiment No.2 FAD Dress Jacket	Jackets / Shirts	1	date-unknown			British Army No.2 FAD Dress Jacket - QARANC Regiment - Medium 182/108	https://lambrino.co.uk/products/british-army-no-2-fad-dress-jacket-rifles-regiment-6
y	new	British Army 0000s QARANC Women's Grey Dress Jacket	Jackets / Shirts	1	date-unknown			British Army Women's Grey Dress Jacket - QARANC - Medium 170/104	https://lambrino.co.uk/products/british-army-womens-no-2-grey-dress-jacket-qaranc
y	new	British Army 0000s QARANC Women's No.2 FAD Dress Jacket	Jackets / Shirts	5	date-unknown			British Army Women's No 2 FAD Dress Jacket - QARANC - Small 170/88	https://lambrino.co.uk/products/british-army-womens-no-2-fad-dress-jacket-qaranc-3
y	new	British Army 0000s QARANC Women's No.2 Olive Green Dress Jacket	Jackets / Shirts	1	date-unknown			British Army Women's No. 2 Olive Green Dress Jacket - QARANC - Small	https://lambrino.co.uk/products/british-army-womens-no-2-olive-green-dress-jacket-qaranc
y	new	British Army 0000s Queen's Division Minden Band Red Tunic	Jackets / Shirts	21	date-unknown			British Army Red Tunic Jacket - Queen's Division Minden Band - Small	https://lambrino.co.uk/products/british-army-red-tunic-jacket-queens-division-minden-band-13
y	new	British Army 0000s Queen's Division Normandy Band Red Tunic	Jackets / Shirts	2	date-unknown			British Army Red Tunic Jacket - Queen's Division Normandy Band - Medium	https://lambrino.co.uk/products/british-army-red-tunic-jacket-queens-division-normandy-band
y	new	British Army 0000s Queen's Gurkha Rifles No.6 Tropical Dress Jacket	Jackets / Shirts	2	date-unknown			British Army No. 6 Tropical Dress Jacket - Queen's Gurkha Rifles - Medium 170/96	https://lambrino.co.uk/products/british-army-no-6-tropical-dress-jacket-queens-gurkha-rifles
y	new	British Army 0000s Queen's Gurkha Signals Old No.2 Olive Green Dress Jacket	Jackets / Shirts	1	date-unknown			British Army Old Pattern No. 2 Olive Green Dress Jacket - Queen's Gurkha Signals - Medium 170/104	https://lambrino.co.uk/products/british-army-old-pattern-no-2-olive-green-dress-jacket-queens-gurkha-signals
y	new	British Army 0000s Queen's Own Highlanders No.2 Dress Khaki 1962 Scottish Jacket	Jackets / Shirts	1	date-unknown			British Army No. 2 Dress Jacket Khaki 1962 Pattern Scottish - Queen's Own Highlanders - Medium SIZE 30	https://lambrino.co.uk/products/british-army-no-2-dress-jacket-khaki-1962-pattern-scottish-queens-own-highlanders
y	new	British Army 0000s Queen's Own Highlanders No.2 Dress Khaki Green Scottish Jacket	Jackets / Shirts	1	date-unknown			British Army No. 2 Dress Jacket Khaki Green Scottish Pattern - Queen's Own Highlanders - Medium 176/96	https://lambrino.co.uk/products/british-army-no-2-dress-jacket-khaki-green-scottish-pattern-queens-own-highlanders
y	new	British Army 0000s Queen's Regiment Mess Dress Jacket	Jackets / Shirts	1	date-unknown			British Army Mess Dress Jacket - Queen's Regiment - Medium	https://lambrino.co.uk/products/british-army-mess-dress-jacket-queens-regiment
y	new	British Army 0000s Queen's Royal Gurkha Engineers No.1 Dress Jacket	Jackets / Shirts	1	date-unknown			British Army No. 1 Dress Jacket - Queen's Royal Gurkha Engineers - Medium 170/104	https://lambrino.co.uk/products/british-army-no-1-dress-jacket-queens-royal-gurkha-engineers
y	new	British Army 0000s RADC 1980 No.2 Olive Green Dress Jacket	Jackets / Shirts	2	date-unknown			British Army 1980 Pattern No. 2 Olive Green Dress Jacket - RADC - Large 170/112	https://lambrino.co.uk/products/british-army-1980-pattern-no-2-olive-green-dress-jacket-radc-1
y	new	British Army 0000s RAMC Mess Dress Jacket	Jackets / Shirts	1	date-unknown			British Army Mess Dress Jacket - RAMC - Large	https://lambrino.co.uk/products/british-army-mess-dress-jacket-1
y	new	British Army 0000s RAMC Old No.2 Olive Green Dress Jacket	Jackets / Shirts	1	date-unknown			British Army Old Pattern No. 2 Olive Green Dress Jacket - RAMC - Large	https://lambrino.co.uk/products/british-army-old-pattern-no-2-olive-green-dress-jacket-ramc
y	new	British Army 0000s RAMC Women's No.6 Tropical Dress Jacket	Jackets / Shirts	1	date-unknown			British Army Women's No. 6 Tropical Dress Jacket - RAMC - Small 170/92	https://lambrino.co.uk/products/british-army-no-6-tropical-dress-jacket-ramc
y	new	British Army 0000s RAPC 1980 No.2 Olive Green Dress Jacket	Jackets / Shirts	1	date-unknown			British Army 1980 Pattern No. 2 Olive Green Dress Jacket - RAPC - Large 180/112	https://lambrino.co.uk/products/british-army-old-pattern-no-2-olive-green-dress-jacket-rapc
y	new	British Army 0000s RAPTC 1980 No.2 Olive Green Dress Jacket	Jackets / Shirts	1	date-unknown			British Army 1980 Pattern No. 2 Olive Green Dress Jacket - RAPTC - Medium	https://lambrino.co.uk/products/british-army-1980-pattern-no-2-olive-green-dress-jacket-raptc
y	new	British Army 0000s RAVC 1980 No.2 Olive Green Dress Jacket	Jackets / Shirts	2	date-unknown			British Army 1980 Pattern No. 2 Olive Green Dress Jacket - RAVC - Large 172/114	https://lambrino.co.uk/products/british-army-1980-pattern-no-2-olive-green-dress-jacket-ravc-1
y	new	British Army 0000s RAVC No.2 FAD Dress Jacket	Jackets / Shirts	1	date-unknown			British Army No. 2 FAD Dress Jacket - RAVC - Medium 182/96	https://lambrino.co.uk/products/british-army-no-2-fad-dress-jacket-ravc
y	new	British Army 0000s RAVC Women's 1980 No.2 Olive Green Dress Jacket	Jackets / Shirts	1	date-unknown			British Army Women's 1980 Pattern No. 2 Olive Green Dress Jacket - RAVC - Medium 178/96	https://lambrino.co.uk/products/british-army-womens-1980-pattern-no-2-olive-green-dress-jacket-ravc
y	new	British Army 0000s RAVC Women's No.2 FAD Dress Jacket	Jackets / Shirts	2	date-unknown			British Army Women's No. 2 FAD Dress Jacket - RAVC - Medium 162/92	https://lambrino.co.uk/products/british-army-womens-no-2-fad-dress-jacket-ravc-1
y	new	British Army 0000s RCAF Footguards Wool Greatcoat	Jackets / Shirts	1	date-unknown			British Army Footguards Wool Greatcoat - RCAF - Large	https://lambrino.co.uk/products/british-army-footguards-wool-greatcoat-2
y	new	British Army 0000s REME 1980 No.2 Olive Green Dress Jacket	Jackets / Shirts	8	date-unknown			British Army 1980 Pattern No. 2 Olive Green Dress Jacket - REME - Medium	https://lambrino.co.uk/products/british-army-1980-pattern-no-2-olive-green-dress-jacket-reme-7
y	new	British Army 0000s REME 1980 Women's No.2 Olive Green Dress Jacket	Jackets / Shirts	1	date-unknown			British Army 1980 Pattern Women's No. 2 Olive Green Dress Jacket - REME - Small 162/96	https://lambrino.co.uk/products/british-army-1980-pattern-womens-no-2-olive-green-dress-jacket-reme
y	new	British Army 0000s REME Khaki Wool Greatcoat	Jackets / Shirts	1	date-unknown			British Army Khaki Wool Greatcoat - REME - Large	https://lambrino.co.uk/products/british-army-khaki-wool-greatcoat-reme
y	new	British Army 0000s REME Mess Dress Waistcoat	Jackets / Shirts	1	date-unknown			British Army Mess Dress Waistcoat - REME - Medium	https://lambrino.co.uk/products/british-army-mess-dress-waistcoat-reme
y	new	British Army 0000s REME No.1 Dress Jacket	Jackets / Shirts	1	date-unknown			British Army No. 1 Dress Jacket - REME - Large	https://lambrino.co.uk/products/british-army-no-1-dress-reme-jacket
y	new	British Army 0000s REME No.2 Brown Dress Jacket	Jackets / Shirts	2	date-unknown			British Army No. 2 Brown Dress Jacket - REME - Medium 176/104	https://lambrino.co.uk/products/british-army-no-2-brown-dress-jacket-reme-1
y	new	British Army 0000s REME No.2 Dress Jacket	Jackets / Shirts	2	date-unknown			British Army No. 2 Dress Jacket - REME - Large 182/112	https://lambrino.co.uk/products/british-army-no-2-dress-jacket-reme
y	new	British Army 0000s REME No.2 Dress Khaki Jacket	Jackets / Shirts	2	date-unknown			British Army No. 2 Dress Khaki Jacket - REME - Medium 182/100	https://lambrino.co.uk/products/british-army-no-2-dress-khaki-jacket-reme
y	new	British Army 0000s REME No.2 FAD Dress Jacket	Jackets / Shirts	11	date-unknown			British Army No. 2 FAD Dress Jacket - REME - Medium 182/96	https://lambrino.co.uk/products/british-army-no-2-fad-dress-jacket-reme-10
y	new	British Army 0000s RHG 1st D Bandmans and Trumpeter Blues Royals Tunic	Jackets / Shirts	1	date-unknown			British Army Blues & Royals Tunic - RHG 1st D Bandmans and Trumpeter - Small	https://lambrino.co.uk/products/british-army-blues-royals-tunic-bandmans-and-trumpeter-1
y	new	British Army 0000s RLC 1980 No.2 Olive Green Dress Jacket	Jackets / Shirts	11	date-unknown			British Army 1980 Pattern No. 2 Olive Green Dress Jacket - RLC - Medium 182/100	https://lambrino.co.uk/products/british-army-1980-pattern-no-2-olive-green-dress-jacket-rlc-7
y	new	British Army 0000s RLC No.2 Dress Olive Green Jacket	Jackets / Shirts	1	date-unknown			British Army No. 2 Dress Olive Green Jacket - RLC - Medium	https://lambrino.co.uk/products/british-army-no-2-dress-olive-green-jacket-rlc
y	new	British Army 0000s RLC No.2 FAD Dress Jacket	Jackets / Shirts	5	date-unknown			British Army No.2 FAD Dress Jacket - RLC - Large 182/104	https://lambrino.co.uk/products/british-army-no-2-fad-dress-jacket-rlc-3
y	new	British Army 0000s RLC No.2 FAD Dress with Jacket	Jackets / Shirts	1	date-unknown			British Army No.2 FAD Dress Jacket w/ Belt - RLC - Medium 164/100	https://lambrino.co.uk/products/british-army-no-2-fad-dress-jacket-rlc-5
y	new	British Army 0000s RLC No.6 Tropical Dress Women's Jacket	Jackets / Shirts	1	date-unknown			British Army No. 6 Tropical Dress Women's Jacket - RLC - Small 162/96	https://lambrino.co.uk/products/british-army-no-6-tropical-dress-womens-jacket-rlc
y	new	British Army 0000s RLC Old No.2 Khaki Green Dress Jacket	Jackets / Shirts	1	date-unknown			British Army Old Pattern No. 2 Khaki Green Dress Jacket - RLC - Medium	https://lambrino.co.uk/products/british-army-old-pattern-no-2-khaki-green-dress-jacket-10
y	new	British Army 0000s RLC Women's No.2 FAD Dress Jacket	Jackets / Shirts	1	date-unknown			British Army Women's No. 2 FAD Dress Jacket - RLC - Medium	https://lambrino.co.uk/products/british-army-womens-no-2-fad-dress-jacket-rlc
y	new	British Army 0000s RMAS No.1 Dress Jacket	Jackets / Shirts	1	date-unknown			British Army No. 1 Dress Jacket - RMAS - Medium	https://lambrino.co.uk/products/british-army-no-1-dress-jacket-rmas
y	new	British Army 0000s Reversible Thermal Olive Green Tan Quilted Jacket	Jackets / Shirts	12	date-unknown			British Army Reversible Thermal Olive Green / Tan Quilted Jacket - Large	https://lambrino.co.uk/products/british-army-reversible-thermal-olive-green-tan-quilted-jacket-2
y	new	British Army 0000s Rifles Olive Green Jumper	Jackets / Shirts	1	date-unknown			British Army Olive Green Pullover Jumper - Rifles - Large 106cm	https://lambrino.co.uk/products/british-army-olive-green-pullover-jumper-large-106cm-1
y	new	British Army 0000s Rifles Regiment 1980 No.2 Olive Green Dress Jacket	Jackets / Shirts	4	date-unknown			British Army 1980 Pattern No. 2 Olive Green Dress Jacket - Rifles Regiment - Medium 170/96	https://lambrino.co.uk/products/british-army-1980-pattern-no-2-olive-green-dress-jacket-rifles-regiment-2
y	new	British Army 0000s Rifles Regiment No.2 FAD Dress Jacket	Jackets / Shirts	9	date-unknown			British Army Womens No.2 FAD Dress Jacket - Rifles Regiment - Small 170/100	https://lambrino.co.uk/products/british-army-womens-no-2-fad-dress-jacket-rifles-regiment
y	new	British Army 0000s Royal Academy Sandhurst No.1 Dress Jacket	Jackets / Shirts	5	date-unknown			British Army No. 1 Dress Jacket - Royal Academy Sandhurst - Medium	https://lambrino.co.uk/products/british-army-no-1-dress-jacket-royal-academy-sandhurst-3
y	new	British Army 0000s Royal Anglian Regiment Women's No.2 FAD Dress Jacket	Jackets / Shirts	1	date-unknown			British Army Women's No.2 FAD Dress Jacket - Royal Anglian Regiment - Small 162/100	https://lambrino.co.uk/products/british-army-womens-no-2-fad-dress-jacket-royal-anglian-regiment
y	new	British Army 0000s Royal Artillery 1980 No.2 Khaki Green Dress Jacket	Jackets / Shirts	2	date-unknown			British Army 1980 Pattern No. 2 Khaki Green Dress Jacket - Royal Artillery - Large 188/112	https://lambrino.co.uk/products/british-army-1980-pattern-no-2-khaki-green-dress-jacket-royal-artillery-1
y	new	British Army 0000s Royal Artillery 1980 No.2 Olive Green Dress Jacket	Jackets / Shirts	2	date-unknown			British Army 1980 Pattern No. 2 Olive Green Dress Jacket - Royal Artillery - X Large 180/120	https://lambrino.co.uk/products/british-army-1980-pattern-no-2-olive-green-dress-jacket-royal-artillery-1
y	new	British Army 0000s Royal Artillery Dismounted 1940 Greatcoat	Jackets / Shirts	1	date-unknown			British Army Dismounted 1940 Pattern Greatcoat - Royal Artillery - Medium	https://lambrino.co.uk/products/british-army-dismounted-1940-pattern-greatcoat-royal-artillery
y	new	British Army 0000s Royal Artillery Mess Dress Jacket	Jackets / Shirts	2	date-unknown			British Army Mess Dress Jacket - Royal Artillery - Small	https://lambrino.co.uk/products/british-army-mess-dress-jacket-royal-artillery-1
y	new	British Army 0000s Royal Artillery Mess Dress Waistcoat	Jackets / Shirts	2	date-unknown			British Army Mess Dress Waistcoat - Royal Artillery - Large	https://lambrino.co.uk/products/british-army-mess-dress-waistcoat-royal-artillery-1
y	new	British Army 0000s Royal Artillery Mounted Regiments Greatcoat	Jackets / Shirts	1	date-unknown			British Army Mounted Regiments Greatcoat - Royal Artillery - Small	https://lambrino.co.uk/products/british-army-mounted-regiments-greatcoat-royal-artillery
y	new	British Army 0000s Royal Artillery No.2 Khaki Green Dress Jacket	Jackets / Shirts	1	date-unknown			British Army No. 2 Khaki Green Dress Jacket - Royal Artillery - Medium	https://lambrino.co.uk/products/british-army-no-2-khaki-green-dress-jacket-royal-artillery
y	new	British Army 0000s Royal Artillery Old No.2 Khaki Green Dress Jacket	Jackets / Shirts	1	date-unknown			British Army Old Pattern No. 2 Khaki Green Dress Jacket - Royal Artillery - Medium 188/96	https://lambrino.co.uk/products/british-army-old-pattern-no-2-khaki-green-dress-jacket-royal-artillery
y	new	British Army 0000s Royal Artillery Regiment 1980 No.2 Olive Green Dress Jacket	Jackets / Shirts	1	date-unknown			British Army 1980 Pattern No. 2 Olive Green Dress Jacket - Royal Artillery Regiment - Medium 176/104	https://lambrino.co.uk/products/british-army-1980-pattern-no-2-olive-green-dress-jacket-royal-artillery-regiment
y	new	British Army 0000s Royal Artillery Regiment Mess Dress Jacket	Jackets / Shirts	1	date-unknown			British Army Mess Dress Jacket - Royal Artillery Regiment - Medium	https://lambrino.co.uk/products/british-army-mess-dress-jacket-honourable-artillery-regiment
y	new	British Army 0000s Royal Artillery Regiment No.1 Dress Jacket	Jackets / Shirts	4	date-unknown			British Army No. 1 Dress Jacket - Royal Artillery Regiment - Medium	https://lambrino.co.uk/products/british-army-50s-no-1-dress-jacket-royal-artillery-regiment
y	new	British Army 0000s Royal Artillery Regiment No.2 Dress Jacket	Jackets / Shirts	2	date-unknown			British Army No.2 Dress Jacket - Royal Artillery Regiment - Medium	https://lambrino.co.uk/products/british-army-no-2-dress-jacket-royal-artillery-regiment
y	new	British Army 0000s Royal Artillery Regiment No.2 FAD Dress Jacket	Jackets / Shirts	12	date-unknown			British Army No.2 FAD Dress Jacket - Royal Artillery Regiment - Large 170/112	https://lambrino.co.uk/products/british-army-no-2-fad-dress-jacket-royal-artillery-regiment-12
y	new	British Army 0000s Royal Artillery Regiment No.6 Tropical Dress Jacket	Jackets / Shirts	1	date-unknown			British Army No. 6 Tropical Dress Jacket - Royal Artillery Regiment - Medium 164/92	https://lambrino.co.uk/products/british-army-no-6-tropical-dress-jacket-royal-artillery-regiment
y	new	British Army 0000s Royal Artillery Regiment Women's No.2 FAD Dress Jacket	Jackets / Shirts	2	date-unknown			British Army Women's No.2 FAD Dress Jacket - Royal Artillery Regiment - Small 154/88	https://lambrino.co.uk/products/british-army-womens-no-2-fad-dress-jacket-royal-artillery-regiment
y	new	British Army 0000s Royal Artillery Regiment with Lanyard No.2 FAD Dress Jacket	Jackets / Shirts	1	date-unknown			British Army No.2 FAD Dress Jacket - Royal Artillery Regiment w/ Lanyard - Medium 182/100	https://lambrino.co.uk/products/british-army-no-2-fad-dress-jacket-royal-artillery-regiment-w-lanyard
y	new	British Army 0000s Royal Canadian 80's RCMP Green Mackintosh Raincoat Jacket	Jackets / Shirts	1	date-unknown,type-from-product-type			British Army / Royal Canadian Army 80's RCMP Green Mackintosh Raincoat - Medium	https://lambrino.co.uk/products/british-army-royal-canadian-army-rcmp-green-mackintosh-raincoat
y	new	British Army 0000s Royal Corps of Music Bandmans' Rain Cloak Jacket	Jackets / Shirts	2	date-unknown,type-from-product-type			British Army Bandmans' Rain Cloak - Royal Corps of Army Music - Large	https://lambrino.co.uk/products/british-army-bandmans-rain-cloak-music
y	new	British Army 0000s Royal Corps of Music No.1 Dress Jacket	Jackets / Shirts	1	date-unknown			British Army No. 1 Dress Jacket - Royal Corps of Army Music - Large 176/112	https://lambrino.co.uk/products/british-army-no-1-dress-jacket-royal-corps-of-army-music
y	new	British Army 0000s Royal Corps of Music No.2 FAD Dress Jacket	Jackets / Shirts	1	date-unknown			British Army No.2 FAD Dress Jacket - Royal Corps of Army Music - X Large 176/118	https://lambrino.co.uk/products/british-army-no-2-fad-dress-jacket-royal-corps-of-army-music
y	new	British Army 0000s Royal Corps of Music Women's No.2 FAD Dress Jacket	Jackets / Shirts	1	date-unknown			British Army Women's No. 2 FAD Dress Jacket - Royal Corps of Army Music - Medium 170/96	https://lambrino.co.uk/products/british-army-womens-no-2-fad-dress-jacket-royal-corps-of-army-music
y	new	British Army 0000s Royal Corps of Transport Old No.2 Olive Green Dress Jacket	Jackets / Shirts	1	date-unknown			British Army Old Pattern No. 2 Olive Green Dress Jacket - Royal Corps of Transport - Medium	https://lambrino.co.uk/products/british-army-1980-pattern-no-2-olive-green-dress-jacket-royal-corps-of-transport
y	new	British Army 0000s Royal Dragoon Guards No.2 FAD Dress Jacket	Jackets / Shirts	1	date-unknown			British Army No. 2 FAD Dress Jacket - Royal Dragoon Guards - Medium 176/96	https://lambrino.co.uk/products/british-army-no-2-fad-dress-jacket-royal-dragoon-guards
y	new	British Army 0000s Royal Engineer's Mess Dress Jacket	Jackets / Shirts	1	date-unknown			British Army Mess Dress Jacket - Royal Engineer's - Medium	https://lambrino.co.uk/products/british-army-mess-dress-jacket-royal-engineers
y	new	British Army 0000s Royal Engineers 1980 No.2 Olive Green Dress Jacket	Jackets / Shirts	4	date-unknown			British Army 1980 Pattern No. 2 Olive Green Dress Jacket - Royal Engineers - Large 176/108	https://lambrino.co.uk/products/british-army-1980-pattern-no-2-olive-green-dress-jacket-royal-engineers-3
y	new	British Army 0000s Royal Engineers Mess Dress Jacket 2	Jackets / Shirts	1	date-unknown,name-disambiguated			British Army Mess Dress Jacket - Royal Engineers - Medium	https://lambrino.co.uk/products/british-army-mess-dress-jacket-royal-engineers-1
y	new	British Army 0000s Royal Engineers Mess Dress Waistcoat	Jackets / Shirts	1	date-unknown			British Army Mess Dress Waistcoat - Royal Engineers - Medium	https://lambrino.co.uk/products/british-army-mess-dress-waistcoat-royal-engineers
y	new	British Army 0000s Royal Engineers No.1 Dress Jacket	Jackets / Shirts	4	date-unknown			British Army No. 1 Dress Jacket - Royal Engineers - Medium 170/104	https://lambrino.co.uk/products/british-army-no-1-dress-jacket-royal-engineers-4
y	new	British Army 0000s Royal Engineers No.1 Dress w Jacket	Jackets / Shirts	2	date-unknown			British Army No. 1 Dress Jacket w Belt - Royal Engineers - Medium 182/100	https://lambrino.co.uk/products/british-army-no-1-dress-jacket-w-belt-royal-engineers
y	new	British Army 0000s Royal Engineers No.1 Dress with Jacket	Jackets / Shirts	2	date-unknown			British Army No. 1 Dress Jacket w/ Belt - Royal Engineers - Medium	https://lambrino.co.uk/products/british-army-no-1-dress-jacket-w-belt-royal-engineers-2
y	new	British Army 0000s Royal Engineers No.2 FAD Dress Jacket	Jackets / Shirts	11	date-unknown			British Army No. 2 FAD Dress Jacket - Royal Engineers - Large 182/112	https://lambrino.co.uk/products/british-army-no-2-fad-dress-jacket-royal-engineers-13
y	new	British Army 0000s Royal Engineers No.2 FAD Dress with Jacket	Jackets / Shirts	1	date-unknown			British Army No. 2 FAD Dress Jacket w/ Belt - Royal Engineers - Large 188/108	https://lambrino.co.uk/products/british-army-no-2-fad-dress-jacket-royal-engineers-11
y	new	British Army 0000s Royal Engineers Old No.2 Olive Green Dress Jacket	Jackets / Shirts	1	date-unknown			British Army Old Pattern No. 2 Olive Green Dress Jacket - Royal Engineers - Large 176/104	https://lambrino.co.uk/products/british-army-old-pattern-no-2-olive-green-dress-jacket-royal-engineers
y	new	British Army 0000s Royal Engineers Women's No.2 FAD Dress Jacket	Jackets / Shirts	2	date-unknown			British Army Women's No.2 FAD Dress Jacket - Royal Engineers - Small 162/92	https://lambrino.co.uk/products/british-army-womens-no-2-fad-dress-jacket-royal-engineers
y	new	British Army 0000s Royal Fusiliers No.2 FAD Dress Jacket	Jackets / Shirts	1	date-unknown			British Army No.2 FAD Dress Jacket - Royal Fusiliers - Medium 176/96	https://lambrino.co.uk/products/british-army-no-2-fad-dress-jacket-royal-fusiliers
y	new	British Army 0000s Royal Gurkha Rifles No.6 Tropical Dress Jacket	Jackets / Shirts	1	date-unknown			British Army No. 6 Tropical Dress Jacket - Royal Gurkha Rifles - Medium 176/92	https://lambrino.co.uk/products/british-army-no-6-tropical-dress-jacket-3
y	new	British Army 0000s Royal Hampshire Drummers Tunic	Jackets / Shirts	10	date-unknown			British Army Royal Hampshire Drummers' Tunic - Medium	https://lambrino.co.uk/products/british-army-royal-hampshire-drummers-tunic-9
y	new	British Army 0000s Royal Horse Artillery Black Cloak Jacket	Jackets / Shirts	1	date-unknown,type-from-product-type			British Army Royal Horse Artillery Black Cloak - Medium / Large	https://lambrino.co.uk/products/british-army-royal-horse-artillery-black-cloak
y	new	British Army 0000s Royal Horse Artillery No.1 Dress Jacket	Jackets / Shirts	1	date-unknown			British Army No. 1 Dress Jacket - Royal Horse Artillery - Large	https://lambrino.co.uk/products/british-army-no-1-dress-jacket-royal-horse-artillery
y	new	British Army 0000s Royal Horse Artillery No.2 FAD Dress Jacket	Jackets / Shirts	1	date-unknown			British Army No.2 FAD Dress Jacket - Royal Horse Artillery - Large 182/108	https://lambrino.co.uk/products/british-army-womens-no-2-fad-dress-jacket-royal-horse-artillery
y	new	British Army 0000s Royal Irish No.1 Dress Jacket	Jackets / Shirts	1	date-unknown			British Army No. 1 Dress Jacket - Royal Irish - Large	https://lambrino.co.uk/products/british-army-no-1-dress-jacket-royal-irish
y	new	British Army 0000s Royal Irish Rangers No.2 Khaki Green Dress Jacket	Jackets / Shirts	1	date-unknown			British Army No. 2 Khaki Green Dress Jacket - Royal Irish Rangers - Medium 170/104	https://lambrino.co.uk/products/british-army-no-2-khaki-green-dress-jacket-irish-rangers
y	new	British Army 0000s Royal Irish Regiment 1980 No.2 Olive Green Dress Jacket	Jackets / Shirts	1	date-unknown			British Army 1980 Pattern No. 2 Olive Green Dress Jacket - Royal Irish Regiment - Medium 176/104	https://lambrino.co.uk/products/british-army-mens-1980-pattern-no-2-olive-green-dress-jacket-royal-irish-regiment
y	new	British Army 0000s Royal Irish Regiment No.2 FAD Dress Jacket	Jackets / Shirts	1	date-unknown			British Army No.2 FAD Dress Jacket - Royal Irish Regiment - Large 176/104	https://lambrino.co.uk/products/british-army-no-2-fad-dress-jacket-royal-irish-regiment
y	new	British Army 0000s Royal Irish Regiment RMAS No.1 Dress Jacket	Jackets / Shirts	1	date-unknown			British Army RMAS No. 1 Dress Jacket - Royal Irish Regiment - Medium	https://lambrino.co.uk/products/british-army-rmas-no-1-dress-jacket-royal-irish-rangers
y	new	British Army 0000s Royal Logistics Corps Bandmans' Rain Cloak Jacket	Jackets / Shirts	1	date-unknown,type-from-product-type			British Army Bandmans' Rain Cloak - Royal Logistics Corps - Large	https://lambrino.co.uk/products/british-army-bandmans-rain-cloak-royal-logistics-corps-large
y	new	British Army 0000s Royal Logistics Corps Mess Dress Jacket	Jackets / Shirts	2	date-unknown			British Army Mess Dress Jacket - Royal Logistics Corps - Medium	https://lambrino.co.uk/products/british-army-mess-dress-jacket-royal-logistics-corps-1
y	new	British Army 0000s Royal Logistics Corps Mess Dress Waistcoat	Jackets / Shirts	2	date-unknown			British Army Mess Dress Waistcoat - Royal Logistics Corps - Medium	https://lambrino.co.uk/products/british-army-mess-dress-waistcoat-royal-logistics-corps-1
y	new	British Army 0000s Royal Logistics Corps No.1 Dress with Jacket	Jackets / Shirts	1	date-unknown			British Army No. 1 Dress Jacket w/ Belt - Royal Logistics Corps - Medium	https://lambrino.co.uk/products/british-army-no-1-dress-jacket-royal-logistics-corps
y	new	British Army 0000s Royal Logistics Corps No.2 FAD Dress Jacket	Jackets / Shirts	10	date-unknown			British Army No. 2 FAD Dress Jacket - Royal Logistics Corps - Medium 170/100	https://lambrino.co.uk/products/british-army-no-2-fad-dress-jacket-royal-logistics-corps-8
y	new	British Army 0000s Royal Logistics Corps Women's No.2 FAD Dress Jacket	Jackets / Shirts	2	date-unknown			British Army Women's No. 2 FAD Dress Jacket - Royal Logistics Corps - Small 162/96	https://lambrino.co.uk/products/british-army-womens-no-2-fad-dress-jacket-royal-logistics-corps
y	new	British Army 0000s Royal Medical Corps 1980 No.2 Olive Green Dress Jacket	Jackets / Shirts	1	date-unknown			British Army 1980 Pattern No. 2 Olive Green Dress Jacket - Royal Army Medical Corps - Medium 170/104	https://lambrino.co.uk/products/british-army-1980-pattern-no-2-olive-green-dress-jacket-royal-army-medical-corps
y	new	British Army 0000s Royal Regiment of Fusiliers Mess Dress Uniform Jacket	Jackets / Shirts	1	date-unknown			British Army Mess Dress Uniform - Jacket & Trousers - Royal Regiment of Fusiliers - Small	https://lambrino.co.uk/products/british-army-mess-dress-uniform-jacket-trousers-royal-regiment-of-fusiliers
y	new	British Army 0000s Royal Regiment of Scotland 1980 Scottish No.2 Olive Green Dress Jacket	Jackets / Shirts	2	date-unknown			British Army 1980 Scottish Pattern No. 2 Olive Green Dress Jacket - Royal Regiment of Scotland - Large	https://lambrino.co.uk/products/british-army-1980-scottish-pattern-no-2-olive-green-dress-jacket-royal-regiment-of-scotland-1
y	new	British Army 0000s Royal Regiment of Scotland No.2 Dress Khaki Green Jacket	Jackets / Shirts	1	date-unknown			British Army No. 2 Dress Jacket Khaki Green - Royal Regiment of Scotland - Large 180/112	https://lambrino.co.uk/products/british-army-no-2-dress-jacket-khaki-green-scottish-pattern
y	new	British Army 0000s Royal Regiment of Scotland No.2 FAD Dress Scottish Jacket	Jackets / Shirts	6	date-unknown			British Army No. 2 FAD Dress Jacket Scottish Pattern - Royal Regiment of Scotland - Medium 164/96	https://lambrino.co.uk/products/british-army-no-2-fad-dress-jacket-scottish-pattern-royal-regiment-of-scotland-5
y	new	British Army 0000s Royal Regiment of Scotland No.2 FAD Dress Scottish w Jacket	Jackets / Shirts	3	date-unknown			British Army No. 2 FAD Dress Jacket Scottish Pattern w Belt - Royal Regiment of Scotland - Large 182/108	https://lambrino.co.uk/products/british-army-no-2-fad-dress-jacket-scottish-pattern-w-belt-royal-regiment-of-scotland-1
y	new	British Army 0000s Royal Regiment of Scotland Scottish No.1 Dress Piper's Jacket	Jackets / Shirts	2	date-unknown			British Army Scottish No 1 Dress Piper's Jacket - Royal Regiment of Scotland - Medium 176/100	https://lambrino.co.uk/products/british-army-scottish-no-1-dress-pipers-jacket-royal-regiment-of-scotland
y	new	British Army 0000s Royal Regiment of Wales Footguards Wool Greatcoat	Jackets / Shirts	10	date-unknown			British Army Footguards Wool Greatcoat - Royal Regiment of Wales - Medium 176/92	https://lambrino.co.uk/products/british-army-footguards-wool-greatcoat-royal-regiment-of-wales-7
y	new	British Army 0000s Royal Signals 1980 No.2 Olive Green Dress Jacket	Jackets / Shirts	5	date-unknown			British Army 1980 Pattern No. 2 Olive Green Dress Jacket - Royal Signals - Medium	https://lambrino.co.uk/products/british-army-1980-pattern-no-2-olive-green-dress-jacket-royal-signals-3
y	new	British Army 0000s Royal Signals 1980 Women's No.2 Olive Green Dress Jacket	Jackets / Shirts	1	date-unknown			British Army 1980 Pattern Women's No. 2 Olive Green Dress Jacket - Royal Signals - Medium 170/96	https://lambrino.co.uk/products/british-army-1980-pattern-womens-no-2-olive-green-dress-jacket-royal-signals
y	new	British Army 0000s Royal Signals Corps Old No.2 Khaki Green Dress Jacket	Jackets / Shirts	1	date-unknown			British Army Old Pattern No. 2 Khaki Green Dress Jacket - Royal Signals Corps - Medium 188/104	https://lambrino.co.uk/products/british-army-old-pattern-no-2-khaki-green-dress-jacket-9
y	new	British Army 0000s Royal Signals No.1 Dress Jacket	Jackets / Shirts	16	date-unknown			British Army No. 1 Dress Jacket - Royal Signals - Small	https://lambrino.co.uk/products/british-army-no-1-dress-jacket-royal-signals-16
y	new	British Army 0000s Royal Signals No.1 Dress with Jacket	Jackets / Shirts	1	date-unknown			British Army No. 1 Dress Jacket w/ Belt - Royal Signals - Medium 188/96	https://lambrino.co.uk/products/british-army-no-1-dress-jacket-royal-signals-15
y	new	British Army 0000s Royal Signals No.2 FAD Dress Jacket	Jackets / Shirts	5	date-unknown			British Army No. 2 FAD Dress Jacket - Royal Signals - Medium 176/92	https://lambrino.co.uk/products/british-army-no-2-fad-dress-jacket-royal-signals-3
y	new	British Army 0000s Royal Signals Officer's Double Breasted Wool Greatcoat	Jackets / Shirts	1	date-unknown			British Army Officer's Double Breasted Wool Greatcoat - Royal Signals - X Large	https://lambrino.co.uk/products/british-army-officers-double-breasted-wool-greatcoat-royal-signals
y	new	British Army 0000s Royal Signals Old No.2 Olive Green Dress Jacket	Jackets / Shirts	1	date-unknown			British Army Old Pattern No. 2 Olive Green Dress Jacket - Royal Signals - Small SIZE 21	https://lambrino.co.uk/products/british-army-1980-pattern-no-2-olive-green-dress-jacket-royal-signals-4
y	new	British Army 0000s Royal Signals RMAS Service Dress Jacket	Jackets / Shirts	1	date-unknown			British Army RMAS Service Dress Jacket - Royal Signals - Medium	https://lambrino.co.uk/products/british-army-no-2-fad-dress-jacket-royal-signals-4
y	new	British Army 0000s Royal Signals Women's No.2 FAD Dress Jacket	Jackets / Shirts	1	date-unknown			British Army Women's No. 2 FAD Dress Jacket - Royal Signals - Medium 170/96	https://lambrino.co.uk/products/british-army-womens-no-2-fad-dress-jacket-royal-signals
y	new	British Army 0000s Royal Tank Regiment 1940's No.1 Dress Jacket	Jackets / Shirts	1	date-unknown			British Army 1940's No. 1 Dress Jacket - Royal Tank Regiment - Medium	https://lambrino.co.uk/products/british-army-1940s-no-1-dress-jacket-royal-tank-regiment
y	new	British Army 0000s Royal Tank Regiment 1980 No.2 Olive Green Dress Jacket	Jackets / Shirts	1	date-unknown			British Army 1980 Pattern No. 2 Olive Green Dress Jacket - Royal Tank Regiment - Medium 176/100	https://lambrino.co.uk/products/british-army-1980-pattern-no-2-olive-green-dress-jacket-royal-tank-regiment
y	new	British Army 0000s Royal Tank Regiment Mess Dress Jacket	Jackets / Shirts	2	date-unknown			British Army Mess Dress Jacket - Royal Tank Regiment - Small	https://lambrino.co.uk/products/british-army-mess-dress-jacket-royal-tank-regiment-1
y	new	British Army 0000s Royal Tank Regiment No.1 Dress Jacket	Jackets / Shirts	3	date-unknown			British Army No. 1 Dress Jacket - Royal Tank Regiment - Large	https://lambrino.co.uk/products/british-army-no-1-dress-jacket-royal-tank-regiment-2
y	new	British Army 0000s Royal Welch Fusiliers 1980 No.2 Olive Green Dress Jacket	Jackets / Shirts	1	date-unknown			British Army 1980 Pattern No. 2 Olive Green Dress Jacket - Royal Welch Fusiliers - Medium 176/96	https://lambrino.co.uk/products/british-army-1980-pattern-no-2-olive-green-dress-jacket-royal-welch-fusiliers
y	new	British Army 0000s Royal Welsh 1980 No.2 Olive Green Dress Jacket	Jackets / Shirts	1	date-unknown			British Army 1980 Pattern No. 2 Olive Green Dress Jacket - Royal Welsh - Large 176/108	https://lambrino.co.uk/products/british-army-1980-pattern-no-2-olive-green-dress-jacket-welsh-guards
y	new	British Army 0000s Royal Welsh No.2 FAD Dress Jacket	Jackets / Shirts	1	date-unknown			British Army No.2 FAD Dress Jacket - Royal Welsh	https://lambrino.co.uk/products/british-army-no-2-dress-jacket-royal-welsh
y	new	British Army 0000s Royal Yeomanry No.1 Dress Jacket	Jackets / Shirts	1	date-unknown			British Army No. 1 Dress Jacket - Royal Yeomanry - Medium	https://lambrino.co.uk/products/british-army-no-1-dress-jacket-royal-yeomanry
y	new	British Army 0000s Royal Yorkshire Regiment 1980 No.2 Olive Green Dress Jacket	Jackets / Shirts	1	date-unknown			British Army 1980 Pattern No. 2 Olive Green Dress Jacket - Royal Yorkshire Regiment - Medium 182/92	https://lambrino.co.uk/products/british-army-1980-pattern-no-2-olive-green-dress-jacket-royal-yorkshire-regiment
y	new	British Army 0000s Royal Yorkshire Regiment No.1 Dress Jacket	Jackets / Shirts	1	date-unknown			British Army No. 1 Dress Jacket - Royal Yorkshire Regiment - X Large 188/120	https://lambrino.co.uk/products/british-army-no-1-dress-jacket-royal-yorkshire-regiment
y	new	British Army 0000s Royal Yorkshire Regiment No.6 Tropical Dress Jacket	Jackets / Shirts	1	date-unknown			British Army No. 6 Tropical Dress Jacket - Royal Yorkshire Regiment - Small 176/84	https://lambrino.co.uk/products/british-army-no-6-tropical-dress-jacket-royal-yorkshire-regiment
y	new	British Army 0000s S94 Woodland DPM Combat Smock	Jackets / Shirts	1	date-unknown			British Army S94 Pattern Woodland DPM Camo Combat Smock - Medium	https://lambrino.co.uk/products/british-army-s94-pattern-woodland-dpm-camo-combat-smock-1
y	new	British Army 0000s Salvation Women's Ceremonial Dress Barathea Jacket	Jackets / Shirts	1	date-unknown			British Salvation Army Women's Ceremonial Dress Jacket - Medium	https://lambrino.co.uk/products/british-salvation-army-womens-ceremonial-dress-jacket-1
y	new	British Army 0000s Salvation Women's Ceremonial Dress Wool Jacket	Jackets / Shirts	3	date-unknown			British Salvation Army Women's Ceremonial Dress Jacket - Large 24R	https://lambrino.co.uk/products/british-salvation-army-womens-ceremonial-dress-jacket-4
y	new	British Army 0000s Scots Guards Footguard's CQMS Sergeants Jacket	Jackets / Shirts	1	date-unknown			British Army Footguard's Jacket CQMS & Sergeants - Scots Guards - Large	https://lambrino.co.uk/products/british-army-footguards-jacket-cqms-sergeants-scots-guards
y	new	British Army 0000s Scots Guards Footguard's Drummer Band Tunic	Jackets / Shirts	1	date-unknown			British Army Footguard's Drummer Band Tunic - Scots Guards	https://lambrino.co.uk/products/british-army-footguards-drummer-band-tunic-scots-guards
y	new	British Army 0000s Scots Guards Footguard's R F Jacket	Jackets / Shirts	24	date-unknown			British Army Footguard's Jacket R & F - Scots Guards - Small	https://lambrino.co.uk/products/british-army-footguards-jacket-r-f-scots-guards-24
y	new	British Army 0000s Scots Guards Footguard's R F Musician's Jacket	Jackets / Shirts	2	date-unknown			British Army Footguard's Jacket R & F Musician's - Scots Guards - Large	https://lambrino.co.uk/products/british-army-footguards-jacket-r-f-musicians-scots-guards
y	new	British Army 0000s Scots Guards Footguard's RHQ Staff Colonel Jacket	Jackets / Shirts	2	date-unknown			British Army Footguard's RHQ Staff Colonel Jacket - Scots Guards - Large	https://lambrino.co.uk/products/british-army-footguards-rhq-staff-colonel-jacket-scots-guards-1
y	new	British Army 0000s Scots Guards Footguards Wool Greatcoat	Jackets / Shirts	2	date-unknown			British Army Footguards Wool Greatcoat - Scots Guards - Medium	https://lambrino.co.uk/products/british-army-footguards-wool-greatcoat-scots-guards
y	new	British Army 0000s Scots Guards No.2 FAD Dress with Jacket	Jackets / Shirts	1	date-unknown			British Army No. 2 FAD Dress Jacket w/ Belt - Scots Guards - Medium	https://lambrino.co.uk/products/british-army-no-2-fad-dress-jacket-scots-guards
y	new	British Army 0000s Scottish No.1 Dress Piper's Jacket	Jackets / Shirts	6	date-unknown			British Army Scottish No 1 Dress Piper's Jacket - Small 176/88	https://lambrino.co.uk/products/british-army-scottish-no-1-dress-pipers-jacket-3
y	new	British Army 0000s Stone Short Sleeve Shirt	Jackets / Shirts	9	date-unknown			British Army Mens Stone Shirt Short Sleeve - XX Large C46	https://lambrino.co.uk/products/british-army-mens-stone-shirt-short-sleeve-6
y	new	British Army 0000s Tactical DPM GP OPS Waistcoat	Jackets / Shirts	12	date-unknown			British Army Waistcoat Tactical Vest DPM Camouflage GP OPS	https://lambrino.co.uk/products/british-army-waistcoat-tactical-vest-dpm-camouflage-gp-ops-11
y	new	British Army 0000s Tactical Desert DPM GP OPS Waistcoat	Jackets / Shirts	1	date-unknown			British Army Waistcoat Tactical Vest Desert DPM Camouflage GP OPS	https://lambrino.co.uk/products/british-army-waistcoat-tactical-vest-desert-dpm-camouflage-gp-ops
y	new	British Army 0000s The Life Guards 1980 No.2 Olive Green Dress Jacket	Jackets / Shirts	1	date-unknown			British Army 1980 Pattern No. 2 Olive Green Dress Jacket - The Life Guards - Medium 182/100	https://lambrino.co.uk/products/british-army-1980-pattern-no-2-olive-green-dress-jacket-the-life-guards
y	new	British Army 0000s The Rifles Fawn Short Sleeve Shirt	Jackets / Shirts	3	date-unknown			British Army Mens Fawn Shirt Short Sleeve - The Rifles - Medium	https://lambrino.co.uk/products/british-army-mens-fawn-shirt-short-sleeve-the-rifles-2
y	new	British Army 0000s The Rifles No.1 Dress Jacket	Jackets / Shirts	1	date-unknown			British Army No. 1 Dress Jacket - The Rifles - Large	https://lambrino.co.uk/products/british-army-no-1-dress-jacket-the-rifles
y	new	British Army 0000s Thermal Buffalo Fleece Jacket	Jackets / Shirts	4	date-unknown			British Army Thermal Buffalo Jacket - XX Large	https://lambrino.co.uk/products/british-army-thermal-buffalo-jacket-5
y	new	British Army 0000s Thermal Buffalo Jacket	Jackets / Shirts	24	date-unknown,fabric-unknown			British Army Thermal Buffalo Jacket - Large	https://lambrino.co.uk/products/british-army-thermal-buffalo-jacket
y	new	British Army 0000s Thermal Buffalo Smock	Jackets / Shirts	26	date-unknown			British Army Thermal Buffalo Pullover Smock - Large	https://lambrino.co.uk/products/british-army-thermal-buffalo-pullover-smock-large-10
y	new	British Army 0000s Thermal Norgie Fleece	Jackets / Shirts	3	date-unknown			British Army Thermal Pullover Norgie Fleece - Small 160/80	https://lambrino.co.uk/products/british-army-thermal-pullover-norgie-fleece-2
y	new	British Army 0000s Thermal T Shirt	Jackets / Shirts	4	date-unknown			British Army Thermal Top T Shirt - XX Large 200/120	https://lambrino.co.uk/products/british-army-thermal-top-t-shirt-xx-large-200-120
y	new	British Army 0000s Tropical No.3 Bush Jacket	Jackets / Shirts	3	date-unknown			British Army Tropical No. 3 Bush Jacket - Medium 176/92	https://lambrino.co.uk/products/british-royal-navy-tropical-no-3-bush-jacket
y	new	British Army 0000s Typhoon Immersion Drysuit Top	Jackets / Shirts	1	date-unknown,fabric-unknown			British Army Typhoon Immersion Drysuit Top - Small	https://lambrino.co.uk/products/british-army-typhoon-immersion-drysuit-top
y	new	British Army 0000s Ulster Defence Regiment Mess Dress Jacket	Jackets / Shirts	1	date-unknown			British Army Mess Dress Jacket - Ulster Defence Regiment - Large	https://lambrino.co.uk/products/british-army-mess-dress-jacket-ulster-defence-regiment
y	new	British Army 0000s Ulster Defence Regiment Mess Dress Waistcoat	Jackets / Shirts	1	date-unknown			British Army Mess Dress Waistcoat - Ulster Defence Regiment - Large	https://lambrino.co.uk/products/british-army-mess-dress-waistcoat-ulster-defence-regiment
y	new	British Army 0000s WRAC 1951 Dismounted Greatcoat	Jackets / Shirts	1	date-unknown			British Army 1951 Pattern Dismounted Greatcoat - WRAC - Medium	https://lambrino.co.uk/products/british-army-1951-pattern-dismounted-greatcoat
y	new	British Army 0000s WRAC No.6 Tropical Dress Jacket	Jackets / Shirts	1	date-unknown			British Army No. 6 Tropical Dress Jacket - WRAC - Large 188/112	https://lambrino.co.uk/products/british-army-no-6-tropical-dress-jacket-1
y	new	British Army 0000s Welbeck College Women's 1980 No.2 Olive Green Dress Jacket	Jackets / Shirts	2	date-unknown			British Army Women's 1980 Pattern No. 2 Olive Green Dress Jacket - Welbeck College - Small 162/88	https://lambrino.co.uk/products/british-army-womens-1980-pattern-no-2-olive-green-dress-jacket-welbeck-college-1
y	new	British Army 0000s Welsh Brigade 1980 No.2 Olive Green Dress Jacket	Jackets / Shirts	2	date-unknown			British Army 1980 Pattern No. 2 Olive Green Dress Jacket - Welsh Brigade - Small 170/92	https://lambrino.co.uk/products/british-army-1980-pattern-no-2-olive-green-dress-jacket-welsh-brigade
y	new	British Army 0000s Welsh Guard's Footguards' Rain Cloak Jacket	Jackets / Shirts	10	date-unknown,type-from-product-type			British Army Welsh Guard's Footguards' Rain Cloak - Medium / Large	https://lambrino.co.uk/products/british-army-welsh-guards-footguards-rain-cloak-8
y	new	British Army 0000s Welsh Guards CQMS Sergeants Bandsman's Tunic	Jackets / Shirts	1	date-unknown			British Army CQMS & Sergeants Bandsman's Tunic Jacket - Welsh Guards - Large	https://lambrino.co.uk/products/british-army-cqms-sergeants-bandsmans-tunic-jacket
y	new	British Army 0000s Welsh Guards CQMS Sergeants Bandsman's with Wings Tunic	Jackets / Shirts	6	date-unknown			British Army CQMS & Sergeants Bandsman's Tunic Jacket w/ Wings - Welsh Guards - Small	https://lambrino.co.uk/products/british-army-cqms-sergeants-bandsmans-tunic-jacket-w-wings-welsh-guards-4
y	new	British Army 0000s Welsh Guards Footguard's R F Band Jacket	Jackets / Shirts	1	date-unknown			British Army Footguard's Jacket R&F Band - Welsh Guards - Medium	https://lambrino.co.uk/products/british-army-footguards-jacket-r-f-band-welsh-guards
y	new	British Army 0000s Welsh Guards Footguard's R F Jacket	Jackets / Shirts	7	date-unknown			British Army Footguard's Jacket R & F - Welsh Guards - Medium	https://lambrino.co.uk/products/british-army-footguards-jacket-r-f-welsh-guards-7
y	new	British Army 0000s Welsh Guards Footguard's R F with Wings Jacket	Jackets / Shirts	3	date-unknown			British Army Footguard's Jacket R & F w/ Wings - Welsh Guards - Small	https://lambrino.co.uk/products/british-army-footguards-jacket-r-f-w-wings-welsh-guards-2
y	new	British Army 0000s Welsh Guards Footguard's RHQ WO with Wings Jacket	Jackets / Shirts	1	date-unknown			British Army Footguard's RHQ WO Pattern Jacket w/ Wings - Welsh Guards - Medium	https://lambrino.co.uk/products/british-army-footguards-rhq-wo-pattern-jacket-w-wings-welsh-guards
y	new	British Army 0000s Welsh Guards Footguard's RHQ WO2 Jacket	Jackets / Shirts	4	date-unknown			British Army Footguard's RHQ WO2 Pattern Jacket - Welsh Guards - Large	https://lambrino.co.uk/products/british-army-footguards-rhq-wo2-pattern-jacket-welsh-guards-1
y	new	British Army 0000s Welsh Guards Footguard's RHQ WO2 with Wings Jacket	Jackets / Shirts	1	date-unknown			British Army Footguard's RHQ WO2 Pattern Jacket w/ Wings - Welsh Guards - Medium	https://lambrino.co.uk/products/british-army-footguards-rhq-wo2-pattern-jacket-w-wings-welsh-guards
y	new	British Army 0000s Welsh Guards Footguard's SGTS Jacket	Jackets / Shirts	1	date-unknown			British Army Footguard's Jacket SGTS - Welsh Guards - Medium	https://lambrino.co.uk/products/british-army-footguards-jacket-sgts-welsh-guards
y	new	British Army 0000s Welsh Guards Footguards Wool Greatcoat	Jackets / Shirts	2	date-unknown			British Army Footguards Wool Greatcoat - Welsh Guards - Large 188/108	https://lambrino.co.uk/products/british-army-footguards-wool-greatcoat-welsh-guards-1
y	new	British Army 0000s Welsh Guards No.1 Dress Jacket	Jackets / Shirts	4	date-unknown			British Army No. 1 Dress Jacket - Welsh Guards - Medium	https://lambrino.co.uk/products/british-army-no-1-dress-jacket-welsh-guards-3
y	new	British Army 0000s Welsh Guards No.1 Dress NCO Jacket	Jackets / Shirts	1	date-unknown			British Army No. 1 Dress NCO Jacket - Welsh Guards - Large	https://lambrino.co.uk/products/british-army-no-1-dress-nco-jacket-welsh-guards
y	new	British Army 0000s Welsh Guards No.1 Dress with Jacket	Jackets / Shirts	17	date-unknown			British Army No. 1 Dress Jacket w/ Belt - Welsh Guards - Medium	https://lambrino.co.uk/products/british-army-no-1-dress-jacket-w-belt-welsh-guards-16
y	new	British Army 0000s Welsh Guards No.2 FAD Dress Jacket	Jackets / Shirts	1	date-unknown			British Army No.2 FAD Dress Jacket - Welsh Guards - X Large 188/120cm	https://lambrino.co.uk/products/british-army-no-2-fad-dress-jacket-welsh-guards
y	new	British Army 0000s Welsh Guards Officer's Double Breasted Wool Greatcoat	Jackets / Shirts	1	date-unknown			British Army Officer's Double Breasted Wool Greatcoat - Welsh Guards - Medium	https://lambrino.co.uk/products/british-army-officers-double-breasted-wool-greatcoat-welsh-guards
y	new	British Army 0000s Welsh Guards RHQ SGTS Bandsman's Tunic	Jackets / Shirts	1	date-unknown			British Army RHQ SGTS Bandsman's Tunic Jacket - Welsh Guards - Medium	https://lambrino.co.uk/products/british-army-rhq-sgts-bandsmans-jacket-welsh-guards
y	new	British Army 0000s Welsh Guards RHQ SGTS Bandsman's with Wings Tunic	Jackets / Shirts	4	date-unknown			British Army RHQ SGTS Bandsman's Tunic Jacket w/ Wings - Welsh Guards - Small	https://lambrino.co.uk/products/british-army-rhq-sgts-bandsmans-tunic-jacket-welsh-guards
y	new	British Army 0000s White Marcella Mess Dress Shirt	Jackets / Shirts	4	date-unknown			British Army White Marcella Mess Dress Shirt	https://lambrino.co.uk/products/british-army-white-marcella-mess-dress-shirt-2
y	new	British Army 0000s White Mess Dress Shirt	Jackets / Shirts	2	date-unknown			British Army White Mess Dress Shirt - Medium C39	https://lambrino.co.uk/products/british-army-white-mess-dress-shirt-1
y	new	British Army 0000s White Snow Cover Smock	Jackets / Shirts	2	date-unknown			British Army White Snow Camouflage Smock Cover - Medium Large 170cm	https://lambrino.co.uk/products/british-army-white-snow-camouflage-smock-cover-1
y	new	British Army 0000s Women's No.2 FAD Dress Jacket	Jackets / Shirts	3	date-unknown			British Army Women's No. 2 FAD Dress Jacket - X Small 154/88	https://lambrino.co.uk/products/british-army-womens-no-2-fad-dress-jacket-3
y	new	British Army 0000s Women's Olive Green Cardigan Jacket	Jackets / Shirts	3	date-unknown,type-from-product-type			British Army Women's Olive Green Cardigan - Medium 100cm	https://lambrino.co.uk/products/british-army-womens-olive-green-cardigan-medium-100cm
y	new	British Army 0000s Women's White Nursing Staff Jacket	Jackets / Shirts	1	date-unknown			British Army Women's White Nursing Staff Jacket - Medium 162/96	https://lambrino.co.uk/products/british-army-womens-white-nursing-staff-jacket
y	new	British Army 0000s Woodland DPM Denison Parachutist's Smock	Jackets / Shirts	2	date-unknown			British Army Woodland DPM Camo Denison Parachutist's Smock - Large 180/104	https://lambrino.co.uk/products/british-army-woodland-dpm-camo-denison-parachutists-smock-1
y	new	British Army 0000s Woodland DPM Thermal Fleece	Jackets / Shirts	1	date-unknown			British Army Woodland DPM Camo Thermal Fleece - X Large	https://lambrino.co.uk/products/british-army-woodland-dpm-camo-thermal-fleece
y	new	British Army 1940s 1940 Wool Greatcoat	Jackets / Shirts	2				British Army WW2 1940 Pattern Wool Greatcoat - Medium	https://lambrino.co.uk/products/british-army-ww2-1940-pattern-wool-greatcoat-1
y	new	British Army 1940s ARP Jacket	Jackets / Shirts	1				British Army WW2 ARP Jacket - Large	https://lambrino.co.uk/products/british-army-ww2-arp-jacket
y	new	British Army 1940s Khaki Collared Wool Shirt	Jackets / Shirts	2				British Army WW2 Khaki Collared Wool Shirt - Medium SIZE 4	https://lambrino.co.uk/products/british-army-ww2-khaki-collared-wool-shirt-1
y	new	British Army 1940s RASC Service Dress Jacket	Jackets / Shirts	1				British Army WW2 Service Dress Jacket - RASC - Medium	https://lambrino.co.uk/products/british-army-ww2-service-dress-jacket-1
y	new	British Army 1940s Repro 1940 Khaki Battledress Blouse Ike Jacket	Jackets / Shirts	1				British Army WW2 Repro 1940 Pattern Khaki Battledress Blouse Ike Jacket - Large SIZE 15	https://lambrino.co.uk/products/british-army-ww2-1940-pattern-khaki-battledress-blouse-ike-jacket
y	new	British Army 1940s Royal Artillery 1940 Wool Greatcoat	Jackets / Shirts	1				British Army WW2 1940 Pattern Wool Greatcoat - Royal Artillery - Large SIZE 9	https://lambrino.co.uk/products/british-army-ww2-1940-pattern-wool-greatcoat-royal-artillery
y	new	British Army 1940s Royal Artillery Service Dress Jacket	Jackets / Shirts	2				British Army WW2 Service Dress Jacket - Royal Artillery - Medium	https://lambrino.co.uk/products/british-army-ww2-service-dress-jacket-royal-artillery-1
y	new	British Army 1940s Royal Pay Corps Service Dress Jacket	Jackets / Shirts	1				British Army WW2 Service Dress Jacket - Royal Army Pay Corps - Medium	https://lambrino.co.uk/products/british-army-ww2-service-dress-jacket-royal-army-pay-corps
y	new	British Army 1940s Service Dress Jacket	Jackets / Shirts	1				British Army WW2 Service Dress Jacket - Medium	https://lambrino.co.uk/products/british-army-ww2-service-dress-jacket
y	new	British Army 1940s St Andrews Uni OTC No.2 Dress Khaki Scottish Jacket	Jackets / Shirts	1				British Army No. 2 Dress Jacket Khaki WW2 Scottish Pattern - St Andrews Uni OTC - Medium	https://lambrino.co.uk/products/british-army-no-2-dress-jacket-khaki-ww2-scottish-pattern
y	new	British Army 1950s Chaplains' Department Khaki Ike 1948 Battle Dress Jacket	Jackets / Shirts	1				British Army 50s Khaki Ike 1948 Pattern Battle Dress Jacket - Chaplains' Department - Medium	https://lambrino.co.uk/products/british-army-50s-khaki-ike-battle-dress-jacket-chaplins
y	new	British Army 1950s Dismounted 1940 Greatcoat	Jackets / Shirts	1				British Army 50s Dismounted 1940 Pattern Greatcoat - Large SIZE 8	https://lambrino.co.uk/products/british-army-50s-dismounted-1940-pattern-greatcoat
y	new	British Army 1950s Grenadier Guards Mess Dress Waistcoat	Jackets / Shirts	1				British Army 40s 50s Mess Dress Waistcoat - Grenadier Guards - Large	https://lambrino.co.uk/products/british-army-mess-dress-waistcoat-grenadier-guards
y	new	British Army 1950s Honourable Artillery Company Khaki Ike 1949 Battle Dress Jacket	Jackets / Shirts	1				British Army 50s Khaki Ike 1949 Pattern Battle Dress Jacket - Honourable Artillery Company - Small SIZE 4	https://lambrino.co.uk/products/british-army-50s-khaki-ike-1949-pattern-battle-dress-jacket-2
y	new	British Army 1950s Honourable Artillery Corps 1922 Service Dress Jacket	Jackets / Shirts	1				British Army 50s Jacket 1922 Pattern Service Dress - Honourable Artillery Corps - Small	https://lambrino.co.uk/products/british-army-50s-jacket-1922-pattern-service-dress
y	new	British Army 1950s Khaki Ike 1949 Battle Dress Jacket	Jackets / Shirts	4				British Army 50s Khaki Ike 1949 Pattern Battle Dress Jacket - Medium SIZE 8	https://lambrino.co.uk/products/british-army-50s-khaki-ike-1949-pattern-battle-dress-jacket-6
y	new	British Army 1950s Khaki Ike Battle Dress Jacket	Jackets / Shirts	1				British Army 50s Khaki Ike Battle Dress Jacket - X Large	https://lambrino.co.uk/products/british-army-50s-khaki-ike-battle-dress-jacket
y	new	British Army 1950s Northamptonshire Regiment No.2 Dress Jacket	Jackets / Shirts	1				British Army 50s No. 2 Dress Jacket - Northamptonshire Regiment - Small	https://lambrino.co.uk/products/british-army-50s-no-2-dress-jacket-northamptonshire-regiment
y	new	British Army 1950s RADC Khaki Ike 1949 Battle Dress Jacket	Jackets / Shirts	1				British Army 50s Khaki Ike 1949 Pattern Battle Dress Jacket - RADC - Medium SIZE 13	https://lambrino.co.uk/products/british-army-50s-khaki-ike-1949-pattern-battle-dress-jacket-radc
y	new	British Army 1950s RAMC Khaki Ike 1949 Battle Dress Jacket	Jackets / Shirts	1				British Army 50s Khaki Ike 1949 Pattern Battle Dress Jacket - RAMC - Small SIZE 7	https://lambrino.co.uk/products/british-army-50s-khaki-ike-1949-pattern-battle-dress-jacket-ramc
y	new	British Army 1950s RAOC Khaki Ike 1949 Battle Dress Jacket	Jackets / Shirts	2				British Army 50s Khaki Ike 1949 Pattern Battle Dress Jacket - RAOC - Medium SIZE 10	https://lambrino.co.uk/products/british-army-50s-khaki-ike-1949-pattern-battle-dress-jacket-raoc
y	new	British Army 1950s RASC Khaki Ike 1949 Battle Dress Jacket	Jackets / Shirts	2				British Army 50s Khaki Ike 1949 Pattern Battle Dress Jacket - RASC - Medium SIZE 6	https://lambrino.co.uk/products/british-army-50s-khaki-ike-1949-pattern-battle-dress-jacket-rasc
y	new	British Army 1950s Royal Artillery Regiment No.1 Dress Jacket	Jackets / Shirts	1				British Army 50s No. 1 Dress Jacket - Royal Artillery Regiment - Medium SIZE 6	https://lambrino.co.uk/products/british-army-no-1-dress-jacket-9
y	new	British Army 1950s Royal Highlanders Black Watch ATF No.2 Dress Green Scottish Jacket	Jackets / Shirts	1				British Army No. 2 Dress Jacket Green 50s Scottish Pattern - Royal Highlanders "Black Watch" ATF - Medium	https://lambrino.co.uk/products/british-army-no-2-dress-jacket-green-50s-scottish-pattern-royal-highlanders-black-watch
y	new	British Army 1950s Royal Mercian Regiment No.1 Dress Jacket	Jackets / Shirts	1				British Army 50s No. 1 Dress Jacket - Royal Mercian Regiment - Medium SIZE 24	https://lambrino.co.uk/products/british-army-50s-no-1-dress-jacket-royal-mercian-regiment
y	new	British Army 1950s Service Dress Jacket	Jackets / Shirts	1				British Army 50s Service Dress Jacket - Medium	https://lambrino.co.uk/products/british-army-50s-service-dress-jacket
y	new	British Army 1960s DPM Combat Smock	Jackets / Shirts	2				British Army 68 Pattern DPM Camouflage Combat Smock - Medium SIZE 1	https://lambrino.co.uk/products/british-army-68-pattern-dpm-camouflage-combat-smock-3
y	new	British Army 1960s Footguards Wool Greatcoat	Jackets / Shirts	1				British Army 60s Footguards Wool Greatcoat - Medium SIZE 5	https://lambrino.co.uk/products/british-army-footguards-wool-greatcoat-5
y	new	British Army 1960s Honourable Artillery Company Mess Dress Jacket	Jackets / Shirts	1				British Army 60s Mess Dress Jacket - Honourable Artillery Company - Small	https://lambrino.co.uk/products/british-army-mess-dress-jacket-honourable-artillery-company
y	new	British Army 1960s Khaki Collared Wool Shirt	Jackets / Shirts	1				British Army 60s Khaki Collared Wool Shirt - Medium	https://lambrino.co.uk/products/british-army-60s-khaki-collared-wool-shirt
y	new	British Army 1960s Khaki Ike 1949 Battle Dress Jacket	Jackets / Shirts	1				British Army 60s Khaki Ike 1949 Pattern Battle Dress Jacket - Small SIZE 2	https://lambrino.co.uk/products/british-army-60s-khaki-ike-1949-pattern-battle-dress-jacket
y	new	British Army 1960s Mess Dress Jacket	Jackets / Shirts	1				British Army 60s Mess Dress Jacket - Medium	https://lambrino.co.uk/products/british-army-60s-mess-dress-jacket
y	new	British Army 1960s No.6 Tropical Dress Jacket	Jackets / Shirts	1				British Army 60s No. 6 Tropical Dress Jacket - Medium	https://lambrino.co.uk/products/british-army-60s-no-6-tropical-dress-jacket
y	new	British Army 1960s Olive Green Middle Parka	Jackets / Shirts	1				British Army 60s Olive Green Middle Parka - Large SIZE 2	https://lambrino.co.uk/products/british-army-60s-olive-green-middle-parka
y	new	British Army 1960s Olive Green Women's Working Dress Parka	Jackets / Shirts	1				British Army 60s Olive Green Women's Working Dress Parka - Medium SIZE 9	https://lambrino.co.uk/products/british-army-60s-olive-green-womens-working-dress-parka
y	new	British Army 1960s Parachute Regiment Mess Dress Jacket	Jackets / Shirts	2				British Army 60s Mess Dress Jacket - Parachute Regiment - Medium	https://lambrino.co.uk/products/british-army-60s-mess-dress-jacket-parachute-regiment
y	new	British Army 1960s RLC Moss Bros. No.2 Olive Green Dress Jacket	Jackets / Shirts	1				British Army 60s Moss Bros. No. 2 Olive Green Dress Jacket - RLC - Medium	https://lambrino.co.uk/products/british-army-1980-pattern-no-2-olive-green-dress-jacket-rlc-10
y	new	British Army 1960s Royal Engineers Mess Dress Jacket	Jackets / Shirts	1				British Army 60s Mess Dress Jacket - Royal Engineers - Medium	https://lambrino.co.uk/products/british-army-mess-dress-jacket-royal-engineers-2
y	new	British Army 1960s Royal Signals No.1 Dress Jacket	Jackets / Shirts	1				British Army 60s No. 1 Dress Jacket - Royal Signals - Medium	https://lambrino.co.uk/products/british-army-no-1-dress-jacket-royal-signals
y	new	British Army 1960s Service Dress Jacket	Jackets / Shirts	1				British Army 60s Service Dress Jacket - Medium	https://lambrino.co.uk/products/british-army-60s-service-dress-jacket
y	new	British Army 1960s Yorkshire Volunteers No.2 Olive Green Dress Jacket	Jackets / Shirts	1				British Army 60s Pattern No. 2 Olive Green Dress Jacket - Yorkshire Volunteers - Small	https://lambrino.co.uk/products/british-army-60s-pattern-no-2-olive-green-dress-jacket
y	new	British Army 1970s Medical Corps No.2 Khaki Green Dress Jacket	Jackets / Shirts	1				British Army 70s No. 2 Khaki Green Dress Jacket - Medical Corps - Small	https://lambrino.co.uk/products/british-army-no-2-khaki-green-dress-jacket-medical-corps-1
y	new	British Army 1970s Musician's Mess Dress Jacket	Jackets / Shirts	2				British Army 70s Mess Dress Jacket - Musician's - Small	https://lambrino.co.uk/products/british-army-70s-mess-dress-jacket-musicians-1
y	new	British Army 1970s Royal Artillery Regiment RMAS Officer Cadets No.1 Dress Jacket	Jackets / Shirts	1				British Army RMAS Officer Cadets 70s No. 1 Dress Jacket - Royal Artillery Regiment - Small	https://lambrino.co.uk/products/british-army-80s-no-1-dress-jacket-royal-artillery-regiment
y	new	British Army 1970s Royal Regiment of Scotland No.2 Dress Khaki Green Jacket	Jackets / Shirts	1				British Army 70s No. 2 Dress Jacket Khaki Green - Royal Regiment of Scotland - Medium SIZE 37	https://lambrino.co.uk/products/british-army-no-2-dress-jacket-khaki-green-royal-regiment-of-scotland
y	new	British Army 1980s Cadet Forces DPM Windproof Smock	Jackets / Shirts	2				British Army 80s Cadet Forces DPM Camouflage Windproof Smock - X Small 150/76	https://lambrino.co.uk/products/british-army-80s-cadet-forces-dpm-camouflage-windproof-smock
y	new	British Army 1980s Catering Corps Mess Dress Jacket	Jackets / Shirts	1				British Army 80s Mess Dress Jacket - Army Catering Corps - Small	https://lambrino.co.uk/products/british-army-80s-mess-dress-jacket-army-catering-corps
y	new	British Army 1980s DPM Combat Smock	Jackets / Shirts	4				British Army 85 Pattern DPM Camouflage Combat Smock - Medium SIZE 2	https://lambrino.co.uk/products/british-army-85-pattern-dpm-camouflage-combat-smock-1
y	new	British Army 1980s DPM Woodland Combat Smock	Jackets / Shirts	1				British Army 85 Pattern DPM Woodland Camouflage Combat Smock - Medium 180/96	https://lambrino.co.uk/products/british-army-85-pattern-dpm-woodland-camouflage-combat-smock
y	new	British Army 1980s Edinburgh University Officers' Training Corps No.2 Dress Green Scottish w Jacket	Jackets / Shirts	1				British Army No. 2 Dress Jacket Green 80s Scottish Pattern w Belt - Edinburgh University Officers' Training Corps - Medium	https://lambrino.co.uk/products/british-army-no-2-dress-jacket-green-80s-scottish-pattern-w-belt-edinburgh-university-officers-training-corps
y	new	British Army 1980s REME Mess Dress Jacket	Jackets / Shirts	1				British Army 80s Mess Dress Jacket - REME - Medium	https://lambrino.co.uk/products/british-army-80s-mess-dress-jacket-reme
y	new	British Army 1980s Royal Artillery Regiment No.1 Dress Jacket	Jackets / Shirts	1				British Army 80s No. 1 Dress Jacket - Royal Artillery Regiment - Medium	https://lambrino.co.uk/products/british-army-50s-no-1-dress-jacket-royal-artillery-regiment-1
y	new	British Army 1980s Royal Regiment of Scotland No.2 Dress Green Scottish Jacket	Jackets / Shirts	1				British Army No. 2 Dress Jacket Green 80s Scottish Pattern - Royal Regiment of Scotland - Medium 172/100	https://lambrino.co.uk/products/british-army-no-2-dress-jacket-green-80s-scottish-pattern-w-belt-royal-regiment-of-scotland
y	new	British Army 1980s Royal Regiment of Wales Footguards Wool Greatcoat	Jackets / Shirts	1				British Army 80s Footguards Wool Greatcoat - Royal Regiment of Wales - Medium 182/92	https://lambrino.co.uk/products/british-army-footguards-wool-greatcoat-royal-regiment-of-wales-3
y	new	British Army 1980s The Household Cavalry Mess Dress Jacket	Jackets / Shirts	1				British Army 80s Mess Dress Jacket - The Household Cavalry - Medium	https://lambrino.co.uk/products/british-army-80s-mess-dress-jacket
y	new	British Army 1980s Welsh Guards Mess Dress Jacket	Jackets / Shirts	1				British Army 80s Mess Dress Jacket - Welsh Guards - Small	https://lambrino.co.uk/products/british-army-80s-mess-dress-jacket-welsh-guards
y	new	British Army 1980s Woodland DPM Combat Smock	Jackets / Shirts	43				British Army 84 Pattern Woodland DPM Camo Combat Smock - Medium 180/96	https://lambrino.co.uk/products/british-army-84-pattern-woodland-dpm-camo-combat-smock-28
y	new	British Army 1980s Woodland DPM Parachutist's Smock	Jackets / Shirts	1				British Army 84 Pattern Woodland DPM Camo Parachutist's Smock - Medium 180/96	https://lambrino.co.uk/products/british-army-84-pattern-woodland-dpm-camo-parachutists-smock
y	new	British Army 1980s Wool Long Sleeve Shirt	Jackets / Shirts	1				British Army Wool Shirt 1980s Long Sleeve - Small	https://lambrino.co.uk/products/british-army-wool-shirt
y	new	British Army 1990s DPM Jacket	Jackets / Shirts	39				British Army S95 Shirt Jacket DPM Camouflage - Medium 180/96	https://lambrino.co.uk/products/british-army-s95-shirt-jacket-dpm-camouflage-medium-180-104
y	new	British Army 1990s DPM MVP Liner Hooded Smock	Jackets / Shirts	2				British Army S95 DPM Camo MVP Liner Hooded Smock Jacket - Medium 180/96	https://lambrino.co.uk/products/british-army-s95-dpm-camo-mvp-liner-hooded-smock-jacket
y	new	British Army 1990s DPM Waterproof MVP Hooded Smock	Jackets / Shirts	2				British Army S95 DPM Camouflage Waterproof MVP Hooded Smock - X Large 190/120	https://lambrino.co.uk/products/british-army-s95-dpm-camo-mvp-liner-hooded-smock-jacket-2
y	new	British Army 1990s DPM Windproof Combat Cotton Smock	Jackets / Shirts	7				British Army S95 DPM Camouflage Windproof Combat Smock - Medium 170/96	https://lambrino.co.uk/products/british-army-s95-dpm-camouflage-windproof-combat-smock-5
y	new	British Army 1990s DPM Windproof Combat Polyester Smock	Jackets / Shirts	3				British Army S95 DPM Camouflage Windproof Combat Smock - Medium 180/96	https://lambrino.co.uk/products/british-army-s95-dpm-camouflage-windproof-combat-smock-7
y	new	British Army 1990s DPM Woodland Field Jacket	Jackets / Shirts	9				British Army S95 DPM Woodland Camo Field Jacket - Medium 180/96	https://lambrino.co.uk/products/british-army-s95-dpm-woodland-camo-field-jacket-8
y	new	British Army 1990s DPM Woodland Ripstop Field Jacket	Jackets / Shirts	4				British Army S95 DPM Woodland Camo Ripstop Field Jacket - Large 190/104	https://lambrino.co.uk/products/british-army-s95-dpm-woodland-camo-ripstop-field-jacket
y	new	British Army 1990s Desert DPM Combat Jacket	Jackets / Shirts	4				British Army Desert DPM Camouflage S95 Combat Jacket / Shirt - Large 190/112	https://lambrino.co.uk/products/british-army-desert-dpm-camouflage-s95-combat-jacket-shirt-3
y	new	British Army 1990s Desert DPM Windproof Combat Smock	Jackets / Shirts	4				British Army S95 Desert DPM Camouflage Windproof Combat Smock - Large 180/112	https://lambrino.co.uk/products/british-army-s95-desert-dpm-camouflage-windproof-combat-smock-3
y	new	British Army 1990s G2 DPM MVP Liner Hooded Smock	Jackets / Shirts	1				British Army S95 DPM Camo MVP Liner Hooded Smock Jacket - Large 180/104 - G2	https://lambrino.co.uk/products/british-army-s95-dpm-camo-mvp-liner-hooded-smock-jacket-1
y	new	British Army 1990s Light Infantry Mess Dress Jacket	Jackets / Shirts	1				British Army 90s Mess Dress Jacket - Light Infantry - Medium	https://lambrino.co.uk/products/british-army-90s-mess-dress-jacket-light-infantry
y	new	British Army 1990s Light Infantry Mess Dress Waistcoat	Jackets / Shirts	1				British Army 90s Mess Dress Waistcoat - Light Infantry - Medium	https://lambrino.co.uk/products/british-army-90s-mess-dress-waistcoat-light-infantry
y	new	British Army 1990s Northumberland Hussars Mess Dress Jacket	Jackets / Shirts	1				British Army 90s Mess Dress Jacket - Northumberland Hussars - Large	https://lambrino.co.uk/products/british-army-90s-mess-dress-jacket-northumberland-hussars
y	new	British Army 1990s Operating Theatre Smock	Jackets / Shirts	1				British Army 90s Operating Theatre Smock - Large	https://lambrino.co.uk/products/british-army-90s-operating-theatre-smock
y	new	British Army 1990s Woodland DPM Combat Smock	Jackets / Shirts	1				British Army 90s Pattern Woodland DPM Camo Combat Smock	https://lambrino.co.uk/products/british-army-vintage-90s-woodland-dpm-camo-combat-smock
y	new	British Army 1990s Woodland DPM Parachutist's Smock	Jackets / Shirts	1				British Army S95 Pattern Woodland DPM Camo Parachutist's Smock - Large 180/112	https://lambrino.co.uk/products/british-army-84-pattern-woodland-dpm-camo-parachutists-smock-1
y	new	British Army 2010s Barracks with Patches Shirt	Jackets / Shirts	4				British Army MTP Camouflage Barracks Shirt w/ Patches - Medium	https://lambrino.co.uk/products/british-army-mtp-camouflage-barracks-shirt-w-patches-3
y	new	British Army 2010s Beige Hot Weather FR UBACS Combat Shirt	Jackets / Shirts	1				British Army MTP Camouflage Beige Hot Weather FR UBACS Combat Shirt - Medium	https://lambrino.co.uk/products/british-army-mtp-camouflage-beige-hot-weather-fr-ubacs-combat-shirt
y	new	British Army 2010s Body UBACS Combat Shirt	Jackets / Shirts	26				British Army MTP Camouflage MTP Body UBACS Combat Shirt - Large 180/100L	https://lambrino.co.uk/products/british-army-mtp-camouflage-mtp-body-ubacs-combat-shirt-large-180-100l-3
y	new	British Army 2010s Brown UBACS Combat Shirt	Jackets / Shirts	10				British Army MTP Camouflage Brown UBACS Combat Shirt - Medium	https://lambrino.co.uk/products/british-army-mtp-camouflage-brown-ubacs-combat-shirt-medium-1
y	new	British Army 2010s Brown UBACS Padded Combat Shirt	Jackets / Shirts	2				British Army MTP Camouflage Brown UBACS Padded Combat Shirt - Large	https://lambrino.co.uk/products/british-army-mtp-camouflage-brown-ubacs-padded-combat-shirt-large
y	new	British Army 2010s Combat Jacket	Jackets / Shirts	1				British Army MTP Camouflage Combat Jacket - Small 160/88	https://lambrino.co.uk/products/british-army-mtp-camouflage-combat-jacket
y	new	British Army 2010s Field Tailored Barracks Shirt	Jackets / Shirts	6				British Army MTP Camouflage Field Tailored Barracks Shirt / Vest - Medium	https://lambrino.co.uk/products/british-army-mtp-camouflage-field-tailored-barracks-shirt-vest-4
y	new	British Army 2010s L Olive Green UBACS Combat Shirt	Jackets / Shirts	1				British Army MTP Camouflage Olive Green UBACS Combat Shirt - 180/100 L	https://lambrino.co.uk/products/british-army-mtp-camouflage-olive-green-ubacs-combat-shirt-1
y	new	British Army 2010s M Olive Green UBACS Combat Shirt	Jackets / Shirts	1				British Army MTP Camouflage Olive Green UBACS Combat Shirt - 170/90 M	https://lambrino.co.uk/products/british-army-mtp-camouflage-olive-green-ubacs-combat-shirt-7
y	new	British Army 2010s MVP Jacket	Jackets / Shirts	1	fabric-unknown			British Army MTP Camouflage MVP Jacket - Medium 170/96	https://lambrino.co.uk/products/british-army-mtp-camouflage-mvp-jacket
y	new	British Army 2010s Olive Green UBACS Combat Shirt	Jackets / Shirts	23				British Army MTP Camouflage Olive Green UBACS Combat Shirt - Large 180/100	https://lambrino.co.uk/products/british-army-mtp-camouflage-olive-green-ubacs-combat-shirt-large-2
y	new	British Army 2010s Packlite Jacket	Jackets / Shirts	1				British Army MTP Camouflage Packlite Jacket - Medium	https://lambrino.co.uk/products/british-army-mtp-camouflage-packlite-jacket
y	new	British Army 2010s Sniper's Smock	Jackets / Shirts	1				British Army MTP Camouflage Sniper's Smock - Medium 180/96	https://lambrino.co.uk/products/british-army-woodland-mtp-camo-snipers-smock
y	new	British Army 2010s Warm Weather Combat Jacket	Jackets / Shirts	1				British Army MTP Camouflage Warm Weather Combat Jacket - Large 180/112	https://lambrino.co.uk/products/british-army-mtp-camouflage-warm-weather-combat-jacket-1
y	new	British Army 2010s Waterproof OAV MVP Smock	Jackets / Shirts	2	fabric-unknown			British Army MTP Camouflage Waterproof OAV MVP Smock - 180cm	https://lambrino.co.uk/products/british-army-mtp-camouflage-waterproof-oav-mvp-smock-1
y	new	British Army 2010s Windproof Polyester Smock	Jackets / Shirts	14				British Army MTP Camouflage Windproof Smock - Medium 160/96	https://lambrino.co.uk/products/british-army-mtp-camouflage-windproof-smock-29
y	new	British Army 2010s Windproof Smock	Jackets / Shirts	17	fabric-unknown			British Army MTP Camouflage Windproof Smock - Medium 180/96	https://lambrino.co.uk/products/british-army-mtp-camouflage-windproof-smock-25
y	new	British Army 2010s Windproof V2 Smock	Jackets / Shirts	1	fabric-unknown			British Army MTP Camouflage Windproof Smock V2 - 170/88	https://lambrino.co.uk/products/british-army-mtp-camouflage-windproof-smock-v2
y	new	British Army 2010s Woodland Parachutist's Smock	Jackets / Shirts	2				British Army Woodland MTP Camo Parachutist's Smock - Medium 160/96	https://lambrino.co.uk/products/british-army-woodland-mtp-camo-parachutists-smock-1
y	new	British Army 2020s Olive Green UBACS Combat Shirt	Jackets / Shirts	1				British Army P23 MTP Camouflage Olive Green UBACS Combat Shirt - Medium 180/100	https://lambrino.co.uk/products/british-army-p23-mtp-camouflage-olive-green-ubacs-combat-shirt
y	new	British Army 2020s PT Black T Shirt	Jackets / Shirts	1				British Army P23 PT Black T Shirt	https://lambrino.co.uk/products/british-army-p23-pt-black-t-shirt
y	new	British Army 2020s PT Coat	Jackets / Shirts	1				British Army P23 PT Coat - Medium	https://lambrino.co.uk/products/british-army-p23-pt-coat
y	new	British MoD 0000s Home Office Pullover	Jackets / Shirts	2	date-unknown			British MoD Home Office Pullover Top - X Large	https://lambrino.co.uk/products/british-mod-home-office-pullover-top-1
y	new	British MoD 0000s Home Office Short Sleeve Polo	Jackets / Shirts	9	date-unknown			British MoD Home Office Short Sleeve Polo - Large	https://lambrino.co.uk/products/british-mod-home-office-short-sleeve-polo-large-4
y	new	British MoD 0000s Home Office Short Sleeve UBACS Cotton Polo	Jackets / Shirts	3	date-unknown			British MoD Home Office Short Sleeve Polo / UBACS - Small	https://lambrino.co.uk/products/british-mod-home-office-short-sleeve-polo-ubacs-small-2
y	new	British MoD 0000s Home Office Short Sleeve UBACS Polyester Polo	Jackets / Shirts	5	date-unknown			British MoD Home Office Short Sleeve Polo / UBACS - Medium	https://lambrino.co.uk/products/british-mod-home-office-short-sleeve-polo-ubacs-medium-2
y	new	British MoD 0000s Home Office Softshell Fleece Jacket	Jackets / Shirts	5	date-unknown			British MoD Home Office Softshell Jacket - XX Large	https://lambrino.co.uk/products/british-mod-home-office-softshell-jacket-4
y	new	British MoD 0000s Home Office Softshell Polyester Jacket	Jackets / Shirts	1	date-unknown			British MoD Home Office Softshell Jacket - Medium	https://lambrino.co.uk/products/british-mod-home-office-softshell-jacket
y	new	British MoD 0000s Home Office Utility Jacket	Jackets / Shirts	1	date-unknown			British MoD Home Office Utility Jacket - Large	https://lambrino.co.uk/products/british-mod-home-office-utility-jacket
y	new	British MoD 0000s Home Office Women's Utility Jacket	Jackets / Shirts	3	date-unknown			British MoD Home Office Women's Utility Jacket - Medium 8	https://lambrino.co.uk/products/british-mod-home-office-womens-utility-jacket-2
y	new	British Police 0000s Anorak Liner Jacket	Jackets / Shirts	1	date-unknown			British Police Anorak Jacket Liner - Medium	https://lambrino.co.uk/products/british-police-anorak-jacket-liner
y	new	British Police 0000s Devon Cornwall Dress with Jacket	Jackets / Shirts	1	date-unknown			British Ministry of Defence Police Dress Jacket w/ Belt - Devon & Cornwall - Large	https://lambrino.co.uk/products/british-ministry-of-defence-police-dress-jacket-8
y	new	British Police 0000s Dress Jacket	Jackets / Shirts	21	date-unknown			British Ministry of Defence Police Dress Jacket - Medium	https://lambrino.co.uk/products/british-ministry-of-defence-police-dress-jacket-20
y	new	British Police 0000s Greater Manchester Dress Black Jacket	Jackets / Shirts	1	date-unknown			British Greater Manchester Police Dress Jacket Black - Large	https://lambrino.co.uk/products/british-manchester-police-dress-jacket-black
y	new	British Police 0000s Guard's Liner Jacket	Jackets / Shirts	10	date-unknown			British Police / MoD Guard's Jacket Liner - Large 180/104	https://lambrino.co.uk/products/british-police-mod-guards-jacket-liner-7
y	new	British Police 0000s HM Prison Services Scotland Black Dress Jacket	Jackets / Shirts	1	date-unknown			British Police Black Dress Jacket - HM Prison Services Scotland - Medium	https://lambrino.co.uk/products/british-police-black-dress-jacket-hm-prison-services-scotland
y	new	British Police 0000s Liner Nylon Jacket	Jackets / Shirts	2	date-unknown			British Police MOD Jacket Liner - Large	https://lambrino.co.uk/products/british-police-mod-jacket-liner-1
y	new	British Police 0000s Liner Polyester Jacket	Jackets / Shirts	1	date-unknown			British Police / MoD Jacket Liner - Medium	https://lambrino.co.uk/products/british-police-mod-jacket-liner-2
y	new	British Police 0000s Metropolitan Dress Jacket	Jackets / Shirts	1	date-unknown			British Ministry of Defence Police Dress Jacket - Metropolitan - Large	https://lambrino.co.uk/products/british-ministry-of-defence-police-dress-jacket-metropolitan
y	new	British Police 0000s Officer's Black Rain Cloak Jacket	Jackets / Shirts	2	date-unknown,type-from-product-type			British Police Officer's Black Rain Cloak - Small / Medium	https://lambrino.co.uk/products/british-police-officers-black-rain-cloak-1
y	new	British Police 0000s RMP Royal No.1 Dress Jacket	Jackets / Shirts	1	date-unknown			British Army No. 1 Dress Jacket - RMP Royal Military Police - Small	https://lambrino.co.uk/products/british-army-no-1-dress-jacket-1
y	new	British Police 0000s SAS Black Field Jacket	Jackets / Shirts	12	date-unknown			British Army SAS Police Black Field Jacket - Medium 180/96	https://lambrino.co.uk/products/british-army-sas-police-black-field-jacket-5
y	new	British Police 0000s Scottish Black Dress Jacket	Jackets / Shirts	2	date-unknown			British Police Black Dress Jacket - Scottish Police - Large	https://lambrino.co.uk/products/british-police-black-dress-jacket-1
y	new	British Police 0000s Thermal Liner Jacket	Jackets / Shirts	1	date-unknown			British Police / MoD Thermal Jacket Liner - XX Large	https://lambrino.co.uk/products/british-police-mod-jacket-liner-4
y	new	British Police 0000s West Midlands Dress Jacket	Jackets / Shirts	1	date-unknown			British Ministry of Defence Police Dress Jacket - West Midlands - Large	https://lambrino.co.uk/products/british-ministry-of-defence-police-dress-jacket-west-midlands
y	new	British Police 0000s Women's Black Dress Jacket	Jackets / Shirts	3	date-unknown			British Police Women's Black Dress Jacket - Medium	https://lambrino.co.uk/products/british-police-womens-black-dress-jacket-2
y	new	British Police 0000s Women's Dress Jacket	Jackets / Shirts	2	date-unknown			British Ministry of Defence Police Women's Dress Jacket - Small 12M	https://lambrino.co.uk/products/british-ministry-of-defence-police-womens-dress-jacket-1
y	new	British Police 1970s Royal Mess Dress Jacket	Jackets / Shirts	2				British Army 70s Mess Dress Jacket - Royal Military Police - Medium	https://lambrino.co.uk/products/british-army-70s-mess-dress-jacket-royal-military-police
y	new	British RAF 0000s 50's Crombie Wool Greatcoat	Jackets / Shirts	2	date-unknown			British RAF 50's "Crombie" Wool Greatcoat - Medium	https://lambrino.co.uk/products/british-raf-50s-crombie-wool-greatcoat
y	new	British RAF 0000s 50's Wool Greatcoat	Jackets / Shirts	2	date-unknown			British RAF 50's New Pattern Wool Greatcoat - Medium SIZE 14	https://lambrino.co.uk/products/british-raf-50s-new-pattern-wool-greatcoat-1
y	new	British RAF 0000s 60's Crombie Wool Greatcoat	Jackets / Shirts	1	date-unknown			British RAF 60's "Crombie" Wool Greatcoat - Small	https://lambrino.co.uk/products/british-raf-60s-crombie-wool-greatcoat
y	new	British RAF 0000s 60's WO Blue Grey Wool with Box Greatcoat	Jackets / Shirts	1	date-unknown			British RAF 60's WO Blue Grey Wool Greatcoat w/ Original Box - Large SIZE 12	https://lambrino.co.uk/products/british-raf-60s-wo-blue-grey-wool-greatcoat
y	new	British RAF 0000s 60's Wool Greatcoat	Jackets / Shirts	1	date-unknown			British RAF 60's New Pattern Wool Greatcoat - Medium SIZE 10	https://lambrino.co.uk/products/british-raf-60s-new-pattern-wool-greatcoat
y	new	British RAF 0000s ATC 50's Wool Greatcoat	Jackets / Shirts	1	date-unknown			British RAF 50's New Pattern Wool Greatcoat - ATC - Small	https://lambrino.co.uk/products/british-raf-50s-new-pattern-wool-greatcoat-atc
y	new	British RAF 0000s Air Force No.1 O.A. Dress Jacket	Jackets / Shirts	2	date-unknown			British Air Force RAF No. 1 O.A. Dress Jacket - Large 172/112	https://lambrino.co.uk/products/british-air-force-raf-no-1-o-a-dress-jacket
y	new	British RAF 0000s Aircraft Servicing Overall Coat	Jackets / Shirts	1	date-unknown			British RAF Aircraft Servicing Overall Coat - Medium 190/100	https://lambrino.co.uk/products/british-raf-aircraft-servicing-overall-coat
y	new	British RAF 0000s Aircrew Ballyclare Cold Weather Mk 3 Jacket	Jackets / Shirts	1	date-unknown			British RAF Aircrew Ballyclare Cold Weather Mk 3 Jacket - Medium SIZE 6	https://lambrino.co.uk/products/british-raf-aircrew-ballyclare-cold-weather-mk-3-jacket
y	new	British RAF 0000s Aircrew Ballyclare Cold Weather Mk 4 Jacket	Jackets / Shirts	1	date-unknown			British RAF Aircrew Ballyclare Cold Weather Mk 4 Jacket - Small SIZE 3	https://lambrino.co.uk/products/british-raf-aircrew-ballyclare-cold-weather-mk-4-jacket
y	new	British RAF 0000s Aircrew Ballyclare Temperate DPM MK2A Jacket	Jackets / Shirts	1	date-unknown			British RAF Aircrew Ballyclare Temperate DPM MK2A Jacket - Medium SIZE 7	https://lambrino.co.uk/products/british-raf-aircrew-ballyclare-temperate-dpm-mk2a-jacket
y	new	British RAF 0000s Aircrew Beaufort Cold Weather Mk 3 Jacket	Jackets / Shirts	1	date-unknown			British RAF Aircrew Beaufort Cold Weather Mk 3 Jacket - Medium SIZE 6	https://lambrino.co.uk/products/british-raf-aircrew-beaufort-cold-weather-mk-3-jacket
y	new	British RAF 0000s Aircrew Faux Fur Thermal Base Layer Pullover	Jackets / Shirts	2	date-unknown,fabric-unknown			British RAF Aircrew Faux Fur Thermal Pullover Base Layer Top - Medium	https://lambrino.co.uk/products/british-raf-aircrew-faux-fur-thermal-pullover-base-layer-top-medium
y	new	British RAF 0000s Bandmaster's Frockcoat Jacket	Jackets / Shirts	3	date-unknown,type-from-product-type			British Royal Air Force Bandmaster's Frockcoat - Large	https://lambrino.co.uk/products/british-royal-air-force-bandmasters-frockcoat-1
y	new	British RAF 0000s Blue Dust Overall Coat	Jackets / Shirts	1	date-unknown			British RAF Blue Dust Coat Overall - Large	https://lambrino.co.uk/products/british-raf-blue-dust-coat-overall
y	new	British RAF 0000s Blue Raincoat Trench Coat	Jackets / Shirts	1	date-unknown			British RAF Blue Raincoat Trench Coat - Large 170/108	https://lambrino.co.uk/products/british-raf-blue-raincoat-trench-coat
y	new	British RAF 0000s Central Band No.5 Mess Dress Jacket	Jackets / Shirts	1	date-unknown			British Royal Air Force RAF No. 5 Mess Dress Jacket - Central Band - Small	https://lambrino.co.uk/products/british-royal-air-force-raf-no-5-mess-dress-jacket-central-band
y	new	British RAF 0000s Cold Weather Liner Smock	Jackets / Shirts	2	date-unknown			British RAF Cold Weather Smock Jacket Liner - Large	https://lambrino.co.uk/products/british-raf-cold-weather-smock-jacket-liner-1
y	new	British RAF 0000s Coldstream Guards Air Force No.1 O.A. Dress Jacket	Jackets / Shirts	1	date-unknown			British Air Force RAF No. 1 O.A. Dress Jacket - Coldstream Guards - Medium	https://lambrino.co.uk/products/british-air-force-raf-no-1-o-a-dress-jacket-1980s-1
y	new	British RAF 0000s Collarless Light Blue No.2 Long Sleeve Shirt	Jackets / Shirts	1	date-unknown			British RAF Vintage Collarless Light Blue No. 2 Long Sleeve Shirt - Medium	https://lambrino.co.uk/products/british-raf-vintage-collarless-light-blue-no-2-long-sleeve-shirt
y	new	British RAF 0000s Crombie Greatcoat	Jackets / Shirts	1	date-unknown			British Royal Air Force Crombie Greatcoat - Medium	https://lambrino.co.uk/products/british-royal-air-force-greatcoat
y	new	British RAF 0000s Crombie Wool Greatcoat	Jackets / Shirts	1	date-unknown			British RAF "Crombie" Wool Greatcoat - Medium	https://lambrino.co.uk/products/british-raf-crombie-wool-greatcoat
y	new	British RAF 0000s Cummerbund No.5 Mess Dress Uniform Jacket	Jackets / Shirts	1	date-unknown			British RAF No. 5 Mess Dress Uniform - Jacket, Trousers, Cummerbund - Medium	https://lambrino.co.uk/products/british-raf-no-5-mess-dress-set-jacket-trousers-cummerbund
y	new	British RAF 0000s DFRMO Short Sleeve Shirt	Jackets / Shirts	1	date-unknown			British RAF Mens Shirt Short Sleeve - DFRMO Fire & Rescue - Large	https://lambrino.co.uk/products/british-raf-mens-shirt-short-sleeve-dfrmo-fire-rescue
y	new	British RAF 0000s Foul Weather Jacket	Jackets / Shirts	1	date-unknown,fabric-unknown			British Royal Air Force RAF Foul Weather Jacket - X Large 170/104	https://lambrino.co.uk/products/british-royal-air-force-raf-foul-weather-jacket
y	new	British RAF 0000s GP Bomber Jacket	Jackets / Shirts	13	date-unknown			British RAF GP Bomber Jacket - Medium 96S	https://lambrino.co.uk/products/british-raf-gp-bomber-jacket-11
y	new	British RAF 0000s GP Bomber with Thermal Liner Jacket	Jackets / Shirts	11	date-unknown			British RAF GP Bomber Jacket w/ Thermal Liner - Medium 101L	https://lambrino.co.uk/products/british-raf-gp-bomber-jacket-w-thermal-liner-9
y	new	British RAF 0000s MVP Foul Weather Jacket	Jackets / Shirts	2	date-unknown,fabric-unknown			British RAF MVP Foul Weather Coat Jacket - Large	https://lambrino.co.uk/products/british-raf-mvp-foul-weather-coat-jacket
y	new	British RAF 0000s MVP Foul Weather Mk2A Jacket	Jackets / Shirts	1	date-unknown,fabric-unknown			British RAF MVP Foul Weather Mk2A Coat Jacket - Large	https://lambrino.co.uk/products/british-raf-mvp-foul-weather-mk2a-coat-jacket
y	new	British RAF 0000s MVP Wet Weather Jacket	Jackets / Shirts	2	date-unknown,fabric-unknown			British RAF MVP Wet Weather Jacket	https://lambrino.co.uk/products/british-raf-mvp-wet-weather-jacket-coat-1
y	new	British RAF 0000s Man's Light Blue No.2 Long Sleeve Shirt	Jackets / Shirts	1	date-unknown			British Royal Air Force Man's Light Blue No. 2 Long Sleeve Shirt	https://lambrino.co.uk/products/british-royal-air-force-mans-light-blue-no-2-long-sleeve-shirt
y	new	British RAF 0000s Man's Light Blue No.2 Short Sleeve Shirt	Jackets / Shirts	1	date-unknown			British Royal Air Force Man's Light Blue No. 2 Short Sleeve Shirt	https://lambrino.co.uk/products/british-royal-air-force-mans-light-blue-no-2-short-sleeve-shirt
y	new	British RAF 0000s NO Buttons No.4 No.6 Dress Uniform Jacket	Jackets / Shirts	1	date-unknown			British Army / RAF No.4 & No.6 Dress Uniform Jacket & Belt - NO Buttons	https://lambrino.co.uk/products/british-army-raf-no-4-no-6-dress-uniform-jacket-belt
y	new	British RAF 0000s No.1 Dress Jacket	Jackets / Shirts	30	date-unknown			British Royal Air Force No. 1 Dress Jacket - Medium 92L	https://lambrino.co.uk/products/british-royal-air-force-no-1-dress-jacket-35
y	new	British RAF 0000s No.1 Dress Uniform Jacket	Jackets / Shirts	1	date-unknown,type-from-product-type			British RAF No. 1 Dress Uniform - Medium	https://lambrino.co.uk/products/british-raf-no-1-dress-uniform
y	new	British RAF 0000s No.1 Dress with Jacket	Jackets / Shirts	16	date-unknown			British Royal Air Force No. 1 Dress Jacket w/ Belt - Medium 92R	https://lambrino.co.uk/products/british-royal-air-force-no-1-dress-jacket-w-belt-11
y	new	British RAF 0000s No.1 Home Dress Officers WO's Jacket	Jackets / Shirts	1	date-unknown			British Royal Air Force No. 1 "Home" Dress Officers & WO's Jacket - Large	https://lambrino.co.uk/products/british-royal-air-force-no-1-o-a-dress-jacket-2
y	new	British RAF 0000s No.1 Home Dress Officers WO's w Jacket	Jackets / Shirts	1	date-unknown			British Royal Air Force No. 1 "Home" Dress Officers & WO's Jacket w Belt - Large	https://lambrino.co.uk/products/british-royal-air-force-no-1-home-dress-officers-wos-jacket
y	new	British RAF 0000s No.1 O.A. Dress Jacket	Jackets / Shirts	8	date-unknown			British Royal Air Force No. 1 O.A. Dress Jacket - Medium	https://lambrino.co.uk/products/british-royal-air-force-no-1-o-a-dress-jacket-7
y	new	British RAF 0000s No.1 O.A. Dress with Jacket	Jackets / Shirts	9	date-unknown			British Royal Air Force No. 1 O.A. Dress Jacket w/ Belt - Medium	https://lambrino.co.uk/products/british-royal-air-force-no-1-o-a-dress-jacket-w-belt-1
y	new	British RAF 0000s No.5 Mess Dress Jacket	Jackets / Shirts	14	date-unknown			British RAF No. 5 Mess Dress Jacket - Medium	https://lambrino.co.uk/products/british-raf-no-5-mess-dress-jacket-13
y	new	British RAF 0000s No.5 Mess Dress Waistcoat	Jackets / Shirts	4	date-unknown			British RAF No. 5 Mess Dress Waistcoat - Medium 100L	https://lambrino.co.uk/products/british-raf-no-5-mess-dress-waistcoat-2
y	new	British RAF 0000s No.5 Mess Dress Women's Jacket	Jackets / Shirts	1	date-unknown			British RAF No. 5 Mess Dress Women's Jacket & Skirt - Small	https://lambrino.co.uk/products/british-raf-no-5-mess-dress-womens-jacket-skirt
y	new	British RAF 0000s No.5 Mess Waistcoat	Jackets / Shirts	2	date-unknown			British Royal Air Force RAF No. 5 Mess Waistcoat - Large	https://lambrino.co.uk/products/british-royal-air-force-raf-no-5-mess-waistcoat-1
y	new	British RAF 0000s No.5 NCO Mess Dress Jacket	Jackets / Shirts	29	date-unknown			British RAF No. 5 NCO Mess Dress Jacket - X Large	https://lambrino.co.uk/products/british-raf-no-5-nco-mess-dress-jacket-28
y	new	British RAF 0000s No.6 Tropical Dress Women's Jacket	Jackets / Shirts	1	date-unknown			British RAF No. 6 Tropical Dress Women's Jacket - Medium	https://lambrino.co.uk/products/british-raf-no-6-tropical-dress-womens-jacket
y	new	British RAF 0000s No.6 Tropical Dress w Jacket	Jackets / Shirts	1	date-unknown			British RAF No. 6 Tropical Dress Jacket w Belt - X Large 192/122	https://lambrino.co.uk/products/british-raf-no-6-tropical-dress-jacket
y	new	British RAF 0000s No.6 Tropical Dress with Cotton Jacket	Jackets / Shirts	4	date-unknown			British RAF No. 6 Tropical Dress Jacket w/ Belt - Large 182/108	https://lambrino.co.uk/products/british-raf-no-6-tropical-dress-jacket-w-belt-1
y	new	British RAF 0000s No.6 Tropical Dress with Wool Jacket	Jackets / Shirts	7	date-unknown			British RAF No. 6 Tropical Dress Jacket w/ Belt - Medium	https://lambrino.co.uk/products/british-raf-no-6-tropical-dress-jacket-w-belt-7
y	new	British RAF 0000s No.7 No.6C Tropical Dress Jacket	Jackets / Shirts	1	date-unknown,type-from-product-type			British Army No. 7 / RAF No 6C Tropical Dress Dress - Large 178/112	https://lambrino.co.uk/products/british-army-no-7-raf-no-6c-tropical-dress-dress
y	new	British RAF 0000s No.9 College Musician's Dress Jacket	Jackets / Shirts	2	date-unknown			British Royal Air Force No 9 College Musician's Dress Jacket - Large	https://lambrino.co.uk/products/british-royal-air-force-no-9-college-musicians-dress-jacket-1
y	new	British RAF 0000s No.9 Musician's Dress Jacket	Jackets / Shirts	6	date-unknown			British RAF No 9 Musician's Dress Jacket - Large	https://lambrino.co.uk/products/british-raf-no-9-musicians-dress-jacket
y	new	British RAF 0000s No.9A Tailcoat Jacket	Jackets / Shirts	2	date-unknown,type-from-product-type			British Royal Air Force No. 9A Tailcoat - Medium	https://lambrino.co.uk/products/british-royal-air-force-tailcoat
y	new	British RAF 0000s Officer's No.9 Musician's Dress Jacket	Jackets / Shirts	1	date-unknown			British RAF Officer's No. 9 Musician's Dress Jacket - Large	https://lambrino.co.uk/products/british-raf-officers-no-9-musicians-dress-jacket
y	new	British RAF 0000s RM Stone Long Sleeve Shirt	Jackets / Shirts	1	date-unknown			British Army, RM & RAF Stone Long Sleeve Shirt	https://lambrino.co.uk/products/british-army-rm-raf-stone-long-sleeve-shirt
y	new	British RAF 0000s ROC Air Force No.1 Dress Jacket	Jackets / Shirts	1	date-unknown			British Air Force RAF No. 1 Dress Jacket - ROC - Medium	https://lambrino.co.uk/products/british-air-force-raf-no-1-w-o-dress-jacket-roc-1
y	new	British RAF 0000s ROC Air Force No.1 W.O. Dress Jacket	Jackets / Shirts	1	date-unknown			British Air Force RAF No. 1 W.O. Dress Jacket - ROC - Medium	https://lambrino.co.uk/products/british-air-force-raf-no-1-w-o-dress-jacket-roc
y	new	British RAF 0000s Raincoat Trench Coat	Jackets / Shirts	17	date-unknown			British Royal Air Force Raincoat Trench Coat - Medium 176/100	https://lambrino.co.uk/products/british-royal-air-force-raincoat-trench-coat-9
y	new	British RAF 0000s Thermal Aircrew Buffalo Jacket	Jackets / Shirts	1	date-unknown			British RAF Thermal Aircrew Buffalo Jacket - Medium 180/100	https://lambrino.co.uk/products/british-raf-thermal-aircrew-buffalo-jacket
y	new	British RAF 0000s WRAF No.1 OA Dress Jacket	Jackets / Shirts	7	date-unknown			British Royal Air Force No. 1 OA Dress Jacket - WRAF - Small 92S	https://lambrino.co.uk/products/british-royal-air-force-no-1-oa-dress-jacket-wraf-7
y	new	British RAF 0000s WRAF No.1 OA Dress with Jacket	Jackets / Shirts	2	date-unknown			British Royal Air Force No. 1 OA Dress Jacket w/ Belt - WRAF - Medium 100R	https://lambrino.co.uk/products/british-royal-air-force-no-1-oa-dress-jacket-wraf-8
y	new	British RAF 0000s WRAF Officers WOs No.1 Dress Jacket	Jackets / Shirts	6	date-unknown			British Royal Air Force No. 1 Dress Jacket - WRAF Officers & WOs - Medium	https://lambrino.co.uk/products/british-royal-air-force-no-1-dress-jacket-wraf-officers-wos-5
y	new	British RAF 0000s WRAF PMRAFNS Women's No.5 Mess Dress Jacket	Jackets / Shirts	3	date-unknown			British RAF Women's No. 5 Mess Dress Jacket - WRAF / PMRAFNS - Medium	https://lambrino.co.uk/products/british-raf-womens-no-5-mess-dress-jacket-wraf-pmrafns
y	new	British RAF 0000s Wet Weather Jacket	Jackets / Shirts	1	date-unknown,fabric-unknown			British RAF Wet Weather Jacket	https://lambrino.co.uk/products/british-raf-wet-weather-coat-jacket
y	new	British RAF 0000s Wet Weather with Liner Jacket	Jackets / Shirts	1	date-unknown,fabric-unknown			British RAF Wet Weather Jacket w/ Liner	https://lambrino.co.uk/products/british-raf-wet-weather-coat-jacket-w-liner
y	new	British RAF 0000s Women's Blue Grey Cardigan Jacket	Jackets / Shirts	2	date-unknown,type-from-product-type			British RAF Women's Blue Grey Cardigan - Medium 92cm	https://lambrino.co.uk/products/british-raf-womens-blue-grey-cardigan-medium-92cm
y	new	British RAF 0000s Women's No.5 Mess Dress Jacket	Jackets / Shirts	1	date-unknown			British RAF Women's No. 5 Mess Dress Jacket - Medium 100R	https://lambrino.co.uk/products/british-raf-no-5-mess-dress-jacket-4
y	new	British RAF 0000s Women's No.5 NCO Mess Dress Jacket	Jackets / Shirts	1	date-unknown			British RAF Women's No. 5 NCO Mess Dress Jacket - Large	https://lambrino.co.uk/products/british-raf-no-5-nco-mess-dress-jacket-8
y	new	British RAF 0000s Women's No.6 Tropical Dress Jacket	Jackets / Shirts	1	date-unknown			British RAF Women's No. 6 Tropical Dress Jacket - Small	https://lambrino.co.uk/products/british-raf-no-6-tropical-dress-jacket-3
y	new	British RAF 0000s Women's No.8 Mess Dress Jacket	Jackets / Shirts	1	date-unknown			British RAF Women's No. 8 Mess Dress Jacket - Medium	https://lambrino.co.uk/products/british-raf-womens-no-8-mess-dress-jacket
y	new	British RAF 0000s Women's No.9 Musician's Dress Jacket	Jackets / Shirts	3	date-unknown			British RAF Women's No 9 Musician's Dress Jacket - Medium	https://lambrino.co.uk/products/british-raf-womens-no-9-musicians-dress-jacket-1
y	new	British RAF 0000s Women's Raincoat Trench Coat	Jackets / Shirts	3	date-unknown			British Royal Air Force Women's Raincoat Trench Coat - Medium 170/92	https://lambrino.co.uk/products/british-royal-air-force-womens-raincoat-trench-coat-2
y	new	British RAF 0000s Women's Wool V Neck Jumper	Jackets / Shirts	1	date-unknown			British Royal Air Force RAF Women's Wool V Neck Pullover Jersey Jumper - Medium	https://lambrino.co.uk/products/british-royal-air-force-raf-womens-wool-v-neck-pullover-jersey-jumper
y	new	British RAF 0000s Wool Crew Neck Jumper	Jackets / Shirts	4	date-unknown			British Royal Air Force RAF Wool Crew Neck Pullover Jersey Jumper - Large 106cm	https://lambrino.co.uk/products/british-royal-air-force-raf-wool-crew-neck-pullover-jersey-jumper-3
y	new	British RAF 0000s Wool Crewneck Jumper	Jackets / Shirts	2	date-unknown			British RAF Wool Crewneck Pullover Jersey Jumper - Large 112cm	https://lambrino.co.uk/products/british-raf-wool-v-neck-pullover-jersey-jumper-8
y	new	British RAF 0000s Wool V Neck Jumper	Jackets / Shirts	29	date-unknown			British RAF Wool V Neck Pullover Jersey Jumper - Large 112cm	https://lambrino.co.uk/products/british-raf-wool-v-neck-pullover-jersey-jumper-14
y	new	British RAF 0000s Working Long Sleeve Dark Blue Shirt	Jackets / Shirts	1	date-unknown			British Royal Air Force Working Shirt Long Sleeve Dark Blue	https://lambrino.co.uk/products/british-royal-air-force-working-shirt-long-sleeve-dark-blue
y	new	British RAF 1940s No.5 Mess Dress Jacket	Jackets / Shirts	1				British RAF 40s No. 5 Mess Dress Jacket - Medium	https://lambrino.co.uk/products/british-raf-no-5-mess-dress-jacket-12
y	new	British RAF 1940s White Mess Dress Waistcoat	Jackets / Shirts	1				British RAF 40s White Mess Dress Waistcoat - Large	https://lambrino.co.uk/products/british-raf-white-mess-dress-waistcoat
y	new	British RAF 1940s Wool Greatcoat	Jackets / Shirts	1				British RAF 40s Wool Greatcoat - Large	https://lambrino.co.uk/products/british-raf-40s-wool-greatcoat
y	new	British RAF 1950s No.5 Mess Dress Jacket	Jackets / Shirts	1				British RAF 50s No. 5 Mess Dress Jacket - Medium	https://lambrino.co.uk/products/british-raf-1952-no-5-mess-dress-jacket
y	new	British RAF 1950s No.5 Mess Waistcoat	Jackets / Shirts	1				British RAF 50s No. 5 Mess Waistcoat - Small	https://lambrino.co.uk/products/british-raf-60s-no-5-mess-waistcoat
y	new	British RAF 1960s Air Training Corps Other Airmen Greatcoat	Jackets / Shirts	1				British RAF 60s Other Airmen Greatcoat - Air Training Corps - X Small	https://lambrino.co.uk/products/british-raf-60s-other-airmen-greatcoat-air-training-corps
y	new	British RAF 1960s Ike Battledress Jacket	Jackets / Shirts	3				British RAF 60s Ike Battledress Jacket - Medium SIZE 7	https://lambrino.co.uk/products/british-raf-60s-ike-battledress-jacket-1
y	new	British RAF 1960s No.1 Dress Jacket	Jackets / Shirts	1				British RAF 60s No. 1 Dress Jacket - Large	https://lambrino.co.uk/products/british-royal-air-force-no-1-dress-jacket-8
y	new	British RAF 1960s No.1 Dress Uniform Set Jacket	Jackets / Shirts	1				British Royal Air Force 60s No. 1 Dress Uniform Set Jacket Trousers Belt - Medium	https://lambrino.co.uk/products/british-royal-air-force-60s-no-1-dress-uniform-set-jacket-trousers-belt
y	new	British RAF 1960s No.5 Mess Waistcoat	Jackets / Shirts	2				British RAF 60s No. 5 Mess Waistcoat - Medium	https://lambrino.co.uk/products/british-raf-60s-no-5-mess-waistcoat-2
y	new	British RAF 1960s No.6 Tropical Dress Jacket	Jackets / Shirts	1				British RAF 60s No. 6 Tropical Dress Jacket - Small	https://lambrino.co.uk/products/british-raf-no-6-tropical-dress-jacket-1
y	new	British RAF 1960s Raincoat Trenchcoat Jacket	Jackets / Shirts	1	type-from-product-type			British RAF 60s Raincoat Trenchcoat - Medium	https://lambrino.co.uk/products/british-raf-60s-raincoat-trenchcoat
y	new	British RAF 1960s WRAF Ike Battledress Blouse Jacket	Jackets / Shirts	1				British RAF 60s Ike Battledress Blouse Jacket - WRAF - Medium SIZE 6	https://lambrino.co.uk/products/british-raf-60s-ike-battledress-jacket-wraf
y	new	British RAF 1960s White Mess Dress Waistcoat	Jackets / Shirts	1				British RAF 60s White Mess Dress Waistcoat - Small	https://lambrino.co.uk/products/british-raf-60s-white-mess-dress-waistcoat
y	new	British RAF 1970s Air Force GP Jacket	Jackets / Shirts	17				British Air Force RAF 72 Pattern GP Jacket - Medium 180/96	https://lambrino.co.uk/products/british-air-force-raf-72-pattern-gp-jacket-16
y	new	British RAF 1970s Air Force Raincoat Trenchcoat Jacket	Jackets / Shirts	1	type-from-product-type			British Air Force RAF 72 Pattern Raincoat Trenchcoat - Large	https://lambrino.co.uk/products/british-air-force-raf-72-pattern-raincoat-trenchcoat
y	new	British RAF 1970s Aircrew Cold Weather Mk 3 Jacket	Jackets / Shirts	1				British RAF 70s Aircrew Cold Weather Mk 3 Jacket - Medium SIZE 5	https://lambrino.co.uk/products/british-raf-70s-aircrew-cold-weather-mk-3-jacket
y	new	British RAF 1970s No.1 Dress Jacket	Jackets / Shirts	1				British Royal Air Force 70s No. 1 Dress Jacket - Medium	https://lambrino.co.uk/products/british-royal-air-force-no-1-dress-jacket-15
y	new	British RAF 1970s No.1 Dress with Jacket	Jackets / Shirts	3				British Royal Air Force 70s No. 1 Dress Jacket w/ Belt - Medium	https://lambrino.co.uk/products/british-royal-air-force-70s-no-1-dress-jacket-w-belt
y	new	British RAF 1970s No.5 Mess Dress Jacket	Jackets / Shirts	2				British RAF 70s No. 5 Mess Dress Jacket - Medium	https://lambrino.co.uk/products/british-raf-no-5-mess-dress-jacket-11
y	new	British RAF 1970s Raincoat Trench Coat	Jackets / Shirts	1				British RAF 72 Pattern Raincoat Trench Coat - Medium 176/92	https://lambrino.co.uk/products/british-raf-72-pattern-raincoat-trench-coat
y	new	British RAF 1970s Raincoat Trenchcoat Jacket	Jackets / Shirts	1	type-from-product-type			British RAF 72 Pattern Raincoat Trenchcoat - Medium	https://lambrino.co.uk/products/british-air-force-raf-72-pattern-raincoat-trenchcoat-1
y	new	British RAF 1970s Royal Observer Corps Air Force GP Jacket	Jackets / Shirts	3				British Air Force RAF 72 Pattern GP Jacket - Royal Observer Corps - Large 180/108	https://lambrino.co.uk/products/british-air-force-raf-72-pattern-gp-jacket-royal-observer-corps-1
y	new	British RAF 1970s Squadron Leader No.5 Mess Dress Jacket	Jackets / Shirts	1				British Royal Air Force RAF No. 5 Mess Dress Jacket - Squadron Leader - 1970s	https://lambrino.co.uk/products/british-royal-air-force-raf-mess-dress-jacket-officers-1970s
y	new	British RAF 1970s Tropical Mess Dress Jacket	Jackets / Shirts	1	fabric-unknown			British RAF 70s Tropical Mess Dress Jacket - X Large	https://lambrino.co.uk/products/british-raf-70s-tropical-mess-dress-jacket
y	new	British RAF 1970s Working Long Sleeve Shirt	Jackets / Shirts	1				British Royal Air Force 72 Pattern Working Shirt Long Sleeve - X Large	https://lambrino.co.uk/products/british-royal-air-force-72-pattern-working-shirt-long-sleeve
y	new	British RAF 1970s Working Man's Blue Long Sleeve Shirt	Jackets / Shirts	1				British Royal Air Force RAF 72 Pattern Working Man's Blue Long Sleeve Shirt - Medium	https://lambrino.co.uk/products/british-royal-air-force-raf-working-mans-blue-long-sleeve-shirt
y	new	British RAF 1980s Air Force No.1 O.A. Dress Jacket	Jackets / Shirts	2				British Air Force RAF No. 1 O.A. Dress Jacket - 1980s - Medium 176/100	https://lambrino.co.uk/products/british-air-force-raf-no-1-o-a-dress-jacket-1980s
y	new	British RAF 1980s No.5 Mess Dress Jacket	Jackets / Shirts	1				British RAF 80s No. 5 Mess Dress Jacket - Medium	https://lambrino.co.uk/products/british-raf-80s-no-5-mess-dress-jacket
y	new	British RAF 1980s No.5 Mess Dress Uniform Jacket	Jackets / Shirts	1				British RAF 80s No. 5 Mess Dress Uniform - Jacket & Trousers - Medium	https://lambrino.co.uk/products/british-raf-no-5-mess-dress-uniform-jacket-trousers
y	new	British RAF 1980s No.5 Mess Dress Waistcoat	Jackets / Shirts	1				British RAF 80s No. 5 Mess Dress Waistcoat - Small	https://lambrino.co.uk/products/british-raf-80s-no-5-mess-dress-waistcoat
y	new	British RAF 1980s No.5 Mess Waistcoat	Jackets / Shirts	1				British RAF 80s No. 5 Mess Waistcoat - Small	https://lambrino.co.uk/products/british-raf-80s-no-5-mess-waistcoat
y	new	British RAF 1990s Aircrew Cold Weather Mk 3 Jacket	Jackets / Shirts	2				British RAF 90s Aircrew Cold Weather Mk 3 Jacket - Large SIZE 8	https://lambrino.co.uk/products/british-raf-90s-aircrew-cold-weather-mk-3-jacket-1
y	new	British RAF 1990s No.5 Mess Dress Jacket	Jackets / Shirts	1				British RAF 90s No. 5 Mess Dress Jacket - Medium	https://lambrino.co.uk/products/british-raf-no-5-mess-dress-jacket-14
y	new	British RAF 2010s Aircrew FR Combat Jacket	Jackets / Shirts	1	fabric-unknown			British RAF Aircrew MTP Camouflage FR Combat Jacket - X Large 180/120	https://lambrino.co.uk/products/british-raf-aircrew-mtp-camouflage-fr-combat-jacket
y	new	British Royal Marines 0000s Interwar No.1A Dress Jacket	Jackets / Shirts	1	date-unknown			British Royal Marines Interwar No. 1A Dress Jacket - Medium	https://lambrino.co.uk/products/british-royal-marines-60s-no-1a-dress-jacket
y	new	British Royal Marines 0000s Lovat No.1B 1C Dress Jacket	Jackets / Shirts	10	date-unknown			British Royal Marines Lovat No. 1B / 1C Dress Jacket - Medium 170/100	https://lambrino.co.uk/products/british-royal-marines-lovat-no-1b-1c-dress-jacket-medium-170-100
y	new	British Royal Marines 0000s Lovat No.1B 1C Dress with Jacket	Jackets / Shirts	3	date-unknown			British Royal Marines Lovat No. 1B / 1C Dress Jacket w/ Belt - Medium	https://lambrino.co.uk/products/british-royal-marines-lovat-no-1b-1c-dress-jacket-w-belt
y	new	British Royal Marines 0000s Lovat No.5 Dress Jacket	Jackets / Shirts	11	date-unknown			British Royal Marines Lovat No. 5 Dress Jacket - Medium	https://lambrino.co.uk/products/british-royal-marines-lovat-no-5-dress-jacket-9
y	new	British Royal Marines 0000s Lovat No.5 Dress with Jacket	Jackets / Shirts	1	date-unknown			British Royal Marines Lovat No. 5 Dress Jacket w/ Belt - Medium	https://lambrino.co.uk/products/british-royal-marines-lovat-no-5-dress-jacket-2
y	new	British Royal Marines 0000s Mess Dress Jacket	Jackets / Shirts	1	date-unknown			British Royal Marines' Mess Dress Jacket - Medium	https://lambrino.co.uk/products/british-army-mess-dress-jacket-2
y	new	British Royal Marines 0000s No.1 Dress Blues Uniform Jacket	Jackets / Shirts	1	date-unknown			British Royal Marines No. 1 Dress Jacket Blues Uniform - 170/100	https://lambrino.co.uk/products/british-royal-marines-no-1-dress-jacket-blues-uniform
y	new	British Royal Marines 0000s No.1 Dress Jacket	Jackets / Shirts	10	date-unknown			British Royal Marines No. 1 Dress Jacket - Medium	https://lambrino.co.uk/products/british-royal-marines-no-1-dress-jacket-10
y	new	British Royal Marines 0000s Olive Green Jumper	Jackets / Shirts	1	date-unknown			British Army Olive Green Pullover Jumper - Royal Marines - Large 112cm	https://lambrino.co.uk/products/british-army-olive-green-pullover-jumper-royal-marines-large-112cm
y	new	British Royal Marines 0000s Stone Short Sleeve Shirt	Jackets / Shirts	1	date-unknown			British Royal Marines Mens Stone Shirt Short Sleeve - Large 42 Collar	https://lambrino.co.uk/products/british-royal-marines-mens-stone-shirt-short-sleeve
y	new	British Royal Marines 0000s Women's No.1 Dress Jacket	Jackets / Shirts	1	date-unknown			British Royal Marines Women's No. 1 Dress Jacket - Small	https://lambrino.co.uk/products/british-royal-marines-womens-no-1-dress-jacket
y	new	British Royal Marines 1940s 1940 Wool Greatcoat	Jackets / Shirts	1				British Royal Marines WW2 1940 Pattern Wool Greatcoat - Small	https://lambrino.co.uk/products/british-royal-marines-ww2-1940-pattern-wool-greatcoat
y	new	British Royal Marines 1940s No.1 Dress Jacket	Jackets / Shirts	2				British Royal Marines WW2 No. 1 Dress Jacket - Medium	https://lambrino.co.uk/products/british-royal-marines-no-1-dress-jacket
y	new	British Royal Marines 1990s Officer's Mess Dress Jacket	Jackets / Shirts	1				British Army 90s Mess Dress Jacket - Royal Marines Officer's - Medium	https://lambrino.co.uk/products/british-army-90s-mess-dress-jacket
y	new	British Royal Marines 2010s Commando Warm Weather Combat Jacket	Jackets / Shirts	2				British Army MTP Camouflage Warm Weather Combat Jacket - Royal Marines Commando - 170/96	https://lambrino.co.uk/products/british-army-mtp-camouflage-warm-weather-combat-jacket-royal-marines-commando
y	new	British Royal Navy 0000s 1901 Frockcoat Jacket	Jackets / Shirts	1	date-unknown,type-from-product-type			British Royal Navy 1901 Frockcoat - Small	https://lambrino.co.uk/products/british-royal-navy-frockcoat
y	new	British Royal Navy 0000s 1960's Raincoat Jacket	Jackets / Shirts	1	date-unknown,type-from-product-type			British Royal Navy 1960's Raincoat - Large	https://lambrino.co.uk/products/british-royal-navy-1960s-raincoat
y	new	British Royal Navy 0000s 60's Class II Sailor's Jumper	Jackets / Shirts	1	date-unknown			British Royal Navy 60's Class II Jumper Sailor's Top - Medium	https://lambrino.co.uk/products/british-royal-navy-class-ii-jumper-sailors-top-4
y	new	British Royal Navy 0000s 60's Officer's No.1 Dress Jacket	Jackets / Shirts	1	date-unknown			British Royal Navy 60's Officer's No 1 Dress Jacket - Medium	https://lambrino.co.uk/products/british-royal-navy-officers-no-1-dress-jacket-4
y	new	British Royal Navy 0000s 80's Women's Wool Officer's Greatcoat	Jackets / Shirts	1	date-unknown			British Royal Navy 80's Women's Wool Officer's Greatcoat - Medium	https://lambrino.co.uk/products/british-royal-navy-80s-womens-wool-officers-greatcoat
y	new	British Royal Navy 0000s Blue Dust Overall Coat	Jackets / Shirts	1	date-unknown			British Royal Navy Blue Dust Coat Overall - Medium	https://lambrino.co.uk/products/british-royal-navy-blue-dust-coat-overall
y	new	British Royal Navy 0000s Blue Upper Deck Jacket	Jackets / Shirts	5	date-unknown			British Royal Navy Blue Upper Deck Jacket - X Large	https://lambrino.co.uk/products/british-royal-navy-blue-upper-deck-jacket-3
y	new	British Royal Navy 0000s Carinthia LIG 4.0 Thermal Jacket	Jackets / Shirts	7	date-unknown			British Royal Navy Carinthia LIG 4.0 Thermal Jacket - Medium	https://lambrino.co.uk/products/british-royal-navy-carinthia-lig-4-0-thermal-jacket-medium-1
y	new	British Royal Navy 0000s Class II Sailor's Jumper	Jackets / Shirts	32	date-unknown			British Royal Navy Class II Jumper Sailor's Top - Medium 96S	https://lambrino.co.uk/products/british-royal-navy-class-ii-jumper-sailors-top-34
y	new	British Royal Navy 0000s Class II White Middy Shirt	Jackets / Shirts	1	date-unknown			British Royal Navy Class II White Middy Shirt	https://lambrino.co.uk/products/british-royal-navy-class-ii-white-middy-shirt
y	new	British Royal Navy 0000s Class II White Sailor's Viscose Jumper	Jackets / Shirts	28	date-unknown			British Royal Navy Class II White Jumper Sailor's Top - Medium 176/100	https://lambrino.co.uk/products/british-royal-navy-class-ii-white-jumper-sailors-top-30
y	new	British Royal Navy 0000s Class II White Sailor's Wool Jumper	Jackets / Shirts	2	date-unknown			British Royal Navy Class II White Jumper Sailor's Top - Medium 176/96	https://lambrino.co.uk/products/british-royal-navy-class-ii-white-jumper-sailors-top-1
y	new	British Royal Navy 0000s DB Class I III Dress Blazer Jacket	Jackets / Shirts	1	date-unknown			British Royal Navy DB Class I & III Dress Jacket Blazer - Large 182/104	https://lambrino.co.uk/products/british-royal-navy-db-class-i-iii-dress-jacket-blazer
y	new	British Royal Navy 0000s E.H.B. Ambulance Dress Jacket	Jackets / Shirts	1	date-unknown			British E.H.B. Ambulance Navy Dress Jacket - Large	https://lambrino.co.uk/products/british-e-h-b-ambulance-navy-dress-jacket
y	new	British Royal Navy 0000s FR Combat Jacket	Jackets / Shirts	1	date-unknown,fabric-unknown			British Royal Navy FR Combat Jacket - Medium 180/96	https://lambrino.co.uk/products/british-royal-navy-fr-combat-jacket
y	new	British Royal Navy 0000s Foul Weather MVP Smock	Jackets / Shirts	12	date-unknown,fabric-unknown			British Royal Navy Foul Weather MVP Smock - Medium 180/96	https://lambrino.co.uk/products/british-royal-navy-foul-weather-mvp-smock-7
y	new	British Royal Navy 0000s Home Office Jumper	Jackets / Shirts	3	date-unknown			British Home Office Navy Pullover Jumper - Small	https://lambrino.co.uk/products/british-home-office-navy-pullover-jumper
y	new	British Royal Navy 0000s Lovat No.1B 1C Dress Jacket	Jackets / Shirts	12	date-unknown			British Royal Navy Royal Marines Lovat No. 1B / 1C Dress Jacket - Large 176/112	https://lambrino.co.uk/products/british-royal-navy-royal-marines-lovat-no-1b-1c-dress-jacket-10
y	new	British Royal Navy 0000s Lovat No.5 Dress Jacket	Jackets / Shirts	23	date-unknown			British Royal Navy Royal Marines Lovat No. 5 Dress Jacket - 176/104	https://lambrino.co.uk/products/british-royal-navy-royal-marines-lovat-no-5-dress-jacket-8
y	new	British Royal Navy 0000s Lovat No.5 Dress with Jacket	Jackets / Shirts	1	date-unknown			British Royal Navy Royal Marines Lovat No. 5 Dress Jacket w/ Belt - Medium 176/104	https://lambrino.co.uk/products/british-royal-navy-royal-marines-lovat-no-5-dress-jacket-14
y	new	British Royal Navy 0000s Lovat Worsted 1970's Dress Jacket	Jackets / Shirts	1	date-unknown			British Royal Navy Lovat Worsted 1970's Dress Jacket - Small	https://lambrino.co.uk/products/british-royal-navy-lovat-worsted-1970s-dress-jacket
y	new	British Royal Navy 0000s Merchant Black Dress Blazer Jacket	Jackets / Shirts	3	date-unknown			British Merchant Navy Black Dress Blazer Jacket - Medium	https://lambrino.co.uk/products/british-merchant-navy-black-dress-blazer-jacket-4
y	new	British Royal Navy 0000s No.1 Dress Blazer Jacket	Jackets / Shirts	1	date-unknown			British Royal Navy No 1 Dress Jacket Blazer - Medium	https://lambrino.co.uk/products/british-royal-navy-no-1-dress-jacket-blazer
y	new	British Royal Navy 0000s No.1 Dress Jacket	Jackets / Shirts	1	date-unknown			British Royal Navy No 1 Dress Jacket - Medium	https://lambrino.co.uk/products/british-royal-navy-officers-no-1b-class-1-3-dress-jacket
y	new	British Royal Navy 0000s No.2B Mess Dress Jacket	Jackets / Shirts	2	date-unknown			British Royal Navy No. 2B Mess Dress Jacket - Medium	https://lambrino.co.uk/products/british-royal-navy-no-2b-mess-dress-jacket-1
y	new	British Royal Navy 0000s Norgi AWD RN FR Jumper	Jackets / Shirts	1	date-unknown			British Royal Navy Norgi Pullover Jumper AWD RN FR Shirt - X Large 116cm	https://lambrino.co.uk/products/british-royal-navy-norgi-jumper-awd-rn-fr-shirt
y	new	British Royal Navy 0000s Officer's DB Class I III Dress Jacket	Jackets / Shirts	1	date-unknown			British Royal Navy Officer's DB Class I & III Dress Jacket - Medium 176/96	https://lambrino.co.uk/products/british-royal-navy-officers-db-class-i-iii-dress-jacket
y	new	British Royal Navy 0000s Officer's No.1 Dress Jacket	Jackets / Shirts	9	date-unknown			British Royal Navy Officer's No 1 Dress Jacket - Medium 100S	https://lambrino.co.uk/products/british-royal-navy-officers-no-1-dress-jacket-9
y	new	British Royal Navy 0000s Officer's No.1B Barathea Dress Jacket	Jackets / Shirts	1	date-unknown			British Royal Navy Officer's No 1B Barathea Dress Jacket - Medium	https://lambrino.co.uk/products/british-royal-navy-officers-no-1b-dress-jacket-2
y	new	British Royal Navy 0000s Officer's No.1B Class 1 3 Dress Jacket	Jackets / Shirts	1	date-unknown			British Royal Navy Officer's No 1B Class 1 & 3 Dress Jacket - Large	https://lambrino.co.uk/products/british-royal-navy-officers-no-1b-class-1-dress-jacket-9
y	new	British Royal Navy 0000s Officer's No.1B Class 1 Dress Jacket	Jackets / Shirts	8	date-unknown			British Royal Navy Officer's No 1B Class 1 Dress Jacket - Large	https://lambrino.co.uk/products/british-royal-navy-officers-no-1b-class-1-dress-jacket-3
y	new	British Royal Navy 0000s Officer's No.1B Dress Barathea Jacket	Jackets / Shirts	1	date-unknown			British Royal Navy Officer's No 1B Dress Jacket - Medium	https://lambrino.co.uk/products/british-royal-navy-officers-no-1b-dress-jacket-3
y	new	British Royal Navy 0000s Officer's No.1B Dress Wool Jacket	Jackets / Shirts	6	date-unknown			British Royal Navy Officer's No 1B Dress Jacket - Medium	https://lambrino.co.uk/products/british-royal-navy-officers-no-1b-dress-jacket-7
y	new	British Royal Navy 0000s Officer's No.1C Dress Diagonal Serge Jacket	Jackets / Shirts	1	date-unknown			British Royal Navy Officer's No 1C Dress Diagonal Serge Jacket - Medium 164/104	https://lambrino.co.uk/products/british-royal-navy-officers-no-1c-dress-diagonal-serge-jacket
y	new	British Royal Navy 0000s Officer's Raincoat Mac Coat	Jackets / Shirts	2	date-unknown			British Royal Navy Officer's Raincoat Mac Coat - Medium 176/92	https://lambrino.co.uk/products/british-royal-navy-officers-raincoat-mac-coat-1
y	new	British Royal Navy 0000s Olive Upper Deck Jacket	Jackets / Shirts	1	date-unknown			British Royal Navy Olive Upper Deck Jacket - X Large	https://lambrino.co.uk/products/british-royal-navy-upper-deck-jacket
y	new	British Royal Navy 0000s RM White Mess Dress Waistcoat	Jackets / Shirts	2	date-unknown			British Royal Navy & RM White Mess Dress Waistcoat - X Large	https://lambrino.co.uk/products/british-royal-navy-rm-white-mess-dress-waistcoat-1
y	new	British Royal Navy 0000s RMAS Welbeck Black Blazer Jacket	Jackets / Shirts	1	date-unknown,type-from-product-type			British Royal Navy RMAS & Welbeck Black Blazer - Large 178/104	https://lambrino.co.uk/products/british-royal-navy-rmas-welbeck-black-blazer
y	new	British Royal Navy 0000s RNR Black Dress Blazer Jacket	Jackets / Shirts	1	date-unknown			British RNR Navy Black Dress Blazer Jacket - XXX Large	https://lambrino.co.uk/products/british-merchant-navy-black-dress-blazer-jacket-3
y	new	British Royal Navy 0000s Railway Blue DN Jacket	Jackets / Shirts	1	date-unknown			British Railway Navy Blue DN Jacket - Medium	https://lambrino.co.uk/products/british-railway-jacket
y	new	British Royal Navy 0000s Raincoat Mac Coat	Jackets / Shirts	1	date-unknown			British Royal Navy Raincoat Mac Coat - Medium 182/100	https://lambrino.co.uk/products/british-royal-navy-raincoat-mac-coat
y	new	British Royal Navy 0000s Rig 22 FR Operational Shirt	Jackets / Shirts	1	date-unknown,fabric-unknown			British Royal Navy Rig 22 FR Operational Shirt - Large 170/110	https://lambrino.co.uk/products/british-royal-navy-rig-22-fr-operational-shirt
y	new	British Royal Navy 0000s Royal Naval Academy Antique Cadet's Jacket	Jackets / Shirts	1	date-unknown			British Royal Navy Antique Cadet's Jacket - Royal Naval Academy - X Small	https://lambrino.co.uk/products/british-royal-navy-40s-jacket
y	new	British Royal Navy 0000s Sea Cadets' No.1B Class 1 Dress Jacket	Jackets / Shirts	1	date-unknown			British Royal Navy Sea Cadets' No 1B Class 1 Dress Jacket - Large 104L	https://lambrino.co.uk/products/british-royal-navy-officers-no-1b-class-1-dress-jacket-8
y	new	British Royal Navy 0000s Senior Rates' No.2B Mess Dress Jacket	Jackets / Shirts	1	date-unknown			British Royal Navy Senior Rates' No. 2B Mess Dress Jacket - Medium 96L	https://lambrino.co.uk/products/british-royal-navy-senior-rates-no-2b-mess-dress-jacket
y	new	British Royal Navy 0000s Tropical No. 1BW Bush Jacket	Jackets / Shirts	5	date-unknown			British Royal Navy Tropical No. 1BW Bush Jacket - Medium 170/96	https://lambrino.co.uk/products/british-royal-navy-tropical-no-1bw-bush-jacket-3
y	new	British Royal Navy 0000s Tropical No. 2BW Mess Dress Jacket	Jackets / Shirts	2	date-unknown			British Royal Navy Tropical No. 2BW Mess Dress Jacket - Small 88S	https://lambrino.co.uk/products/british-royal-navy-tropical-no-2bw-mess-dress-jacket
y	new	British Royal Navy 0000s Wet Weather Siamidis Goretex Jacket	Jackets / Shirts	4	date-unknown			British Royal Navy Wet Weather Siamidis Goretex Jacket - Large	https://lambrino.co.uk/products/british-royal-navy-wet-weather-siamidis-goretex-jacket-1
y	new	British Royal Navy 0000s White Dust Overall Coat	Jackets / Shirts	3	date-unknown			British Royal Navy White Dust Coat Overall - X Large	https://lambrino.co.uk/products/british-royal-navy-white-dust-coat-overall-1
y	new	British Royal Navy 0000s White Long Sleeve Shirt	Jackets / Shirts	1	date-unknown			British Royal Navy White Long Sleeve Shirt	https://lambrino.co.uk/products/british-royal-navy-white-long-sleeve-shirt
y	new	British Royal Navy 0000s Windproof Jacket	Jackets / Shirts	1	date-unknown			British Royal Navy Windproof Jacket - Medium 170/100	https://lambrino.co.uk/products/british-royal-navy-windproof-jacket
y	new	British Royal Navy 0000s Women's Blue Cardigan Jacket	Jackets / Shirts	1	date-unknown,type-from-product-type			British Royal Navy Women's Blue Cardigan - Medium 96cm	https://lambrino.co.uk/products/british-royal-navy-womens-blue-cardigan
y	new	British Royal Navy 0000s Women's Class II Sailor's Jumper	Jackets / Shirts	3	date-unknown			British Royal Navy Women's Class II Jumper Sailor's Top - Medium 96R	https://lambrino.co.uk/products/british-royal-navy-class-ii-jumper-sailors-top-24
y	new	British Royal Navy 0000s Women's Class II White Middy Shirt	Jackets / Shirts	1	date-unknown			British Royal Navy Women's Class II White Middy Shirt	https://lambrino.co.uk/products/british-royal-navy-womens-class-ii-white-middy-shirt
y	new	British Royal Navy 0000s Women's Class II White Sailor's Jumper	Jackets / Shirts	8	date-unknown			British Royal Navy Women's Class II White Jumper Sailor's Top - Small	https://lambrino.co.uk/products/british-royal-navy-womens-class-ii-white-jumper-sailors-top-7
y	new	British Royal Navy 0000s Women's No.1 Class 1 Dress Jacket	Jackets / Shirts	2	date-unknown			British Royal Navy Women's No1 Class 1 Dress Jacket - X Small	https://lambrino.co.uk/products/british-royal-navy-womens-no1-class-1-dress-jacket-1
y	new	British Royal Navy 0000s Women's Officer's No.1B Class 1 Dress Jacket	Jackets / Shirts	3	date-unknown			British Royal Navy Women's Officer's No 1B Class 1 Dress Jacket - Small 84S	https://lambrino.co.uk/products/british-royal-navy-womens-officers-no-1b-class-1-dress-jacket
y	new	British Royal Navy 0000s Women's Tropical No. 1BW Bush Jacket	Jackets / Shirts	1	date-unknown			British Royal Navy Women's Tropical No. 1BW Bush Jacket - Medium	https://lambrino.co.uk/products/british-royal-navy-womens-tropical-no-1bw-bush-jacket-1
y	new	British Royal Navy 0000s Women's Tropical No. 1BW Bush with Jacket	Jackets / Shirts	1	date-unknown			British Royal Navy Women's Tropical No. 1BW Bush Jacket w/ Belt - Medium 92L	https://lambrino.co.uk/products/british-royal-navy-womens-tropical-no-1bw-bush-jacket
y	new	British Royal Navy 0000s Women's Tropical No. 2BW Mess Dress Viscose Jacket	Jackets / Shirts	1	date-unknown			British Royal Navy Women's Tropical No. 2BW Mess Dress Jacket - Medium 96R	https://lambrino.co.uk/products/british-royal-navy-womens-tropical-no-2bw-mess-dress-jacket-1
y	new	British Royal Navy 0000s Women's Tropical No. 2BW Mess Dress Wool Jacket	Jackets / Shirts	1	date-unknown			British Royal Navy Women's Tropical No. 2BW Mess Dress Jacket - Small	https://lambrino.co.uk/products/british-royal-navy-womens-tropical-no-2bw-mess-dress-jacket
y	new	British Royal Navy 0000s Women's WRNS Diagonal Serge Black Blazer Jacket	Jackets / Shirts	4	date-unknown,type-from-product-type			British Royal Navy Women's WRNS Diagonal Serge Black Blazer - X Small SIZE 1	https://lambrino.co.uk/products/british-royal-navy-womens-wrns-diagonal-serge-black-blazer-3
y	new	British Royal Navy 0000s Wool Crew Neck Jumper	Jackets / Shirts	17	date-unknown			British Royal Navy Wool Crew Neck Pullover Jersey Jumper - Large	https://lambrino.co.uk/products/british-royal-navy-wool-crew-neck-pullover-jersey-jumper-8
y	new	British Royal Navy 0000s Wool RISGS GGS V Neck Jumper	Jackets / Shirts	1	date-unknown			British Royal Navy Wool RISGS & GGS V Neck Pullover Jersey Jumper - 100cm	https://lambrino.co.uk/products/british-royal-navy-wool-risgs-ggs-v-neck-pullover-jersey-jumper
y	new	British Royal Navy 0000s Wool V Neck Jumper	Jackets / Shirts	6	date-unknown			British Royal Navy Wool V Neck Pullover Jersey Jumper - Large 106cm	https://lambrino.co.uk/products/british-royal-navy-wool-v-neck-pullover-jersey-jumper-4
y	new	British Royal Navy 1940s Black Mess Dress Waistcoat	Jackets / Shirts	1				British Royal Navy Black 40s Mess Dress Waistcoat - Large	https://lambrino.co.uk/products/british-royal-navy-black-mess-dress-waistcoat
y	new	British Royal Navy 1940s Black Wool Greatcoat	Jackets / Shirts	1				British Royal Navy WW2 40s Black Wool Greatcoat - Medium	https://lambrino.co.uk/products/british-royal-navy-40s-black-wool-greatcoat
y	new	British Royal Navy 1940s Class II Black Sailor's Jumper	Jackets / Shirts	1				British Royal Navy 40s Class II Black Jumper Sailor's Top - Small	https://lambrino.co.uk/products/british-royal-navy-40s-class-ii-black-jumper-sailors-top
y	new	British Royal Navy 1940s Class II White Sailor's Jumper	Jackets / Shirts	2				British Royal Navy 40s Class II White Jumper Sailor's Top - Small	https://lambrino.co.uk/products/british-royal-navy-40s-class-ii-white-jumper-sailors-top
y	new	British Royal Navy 1940s Merchant RNR Black Dress Blazer Jacket	Jackets / Shirts	1				British Merchant Navy / RNR 40s Black Dress Blazer Jacket - Large	https://lambrino.co.uk/products/british-merchant-navy-40s-black-dress-blazer-jacket
y	new	British Royal Navy 1940s Mess Dress Jacket	Jackets / Shirts	1				British Royal Navy 40s WW2 Mess Dress Jacket - Small	https://lambrino.co.uk/products/british-royal-navy-40s-ww2-mess-dress-jacket
y	new	British Royal Navy 1950s Merchant Officer's Tropical Jacket	Jackets / Shirts	1				British Merchant Navy 50s Officer's Tropical Jacket - Large	https://lambrino.co.uk/products/british-merchant-navy-50s-officers-tropical-jacket
y	new	British Royal Navy 1950s Merchant Officer's Tropical Safari Jacket	Jackets / Shirts	1				British Merchant Navy 50s Officer's Tropical Safari Jacket - Medium	https://lambrino.co.uk/products/british-merchant-navy-50s-officers-tropical-safari-jacket
y	new	British Royal Navy 1950s Merchant Officer's Tropical Short Sleeve Shirt	Jackets / Shirts	9				British Merchant Navy 50s Officer's Tropical Short Sleeve Shirt - Large	https://lambrino.co.uk/products/british-merchant-navy-50s-officers-tropical-short-sleeve-shirt-8
y	new	British Royal Navy 1950s No.2B Mess Dress Jacket	Jackets / Shirts	1				British Royal Navy 50s No. 2B Mess Dress Jacket - Medium	https://lambrino.co.uk/products/british-royal-navy-50s-no-2b-mess-dress-jacket
y	new	British Royal Navy 1960s Black Wool Greatcoat	Jackets / Shirts	1				British Royal Navy 60s Black Wool Greatcoat - Small	https://lambrino.co.uk/products/british-royal-navy-60s-black-wool-greatcoat
y	new	British Royal Navy 1960s Blue Serge Sailor's Coat	Jackets / Shirts	1				British Royal Navy 60s Blue Serge Coat Sailor's Top - Medium	https://lambrino.co.uk/products/british-royal-navy-60s-blue-serge-coat-sailors-top
y	new	British Royal Navy 1960s Merchant Black Dress Blazer Jacket	Jackets / Shirts	1				British Merchant Navy 60s Black Dress Blazer Jacket - Large	https://lambrino.co.uk/products/british-merchant-navy-black-dress-blazer-jacket-5
y	new	British Royal Navy 1960s Merchant Black Dress Uniform Set Jacket	Jackets / Shirts	1	type-from-product-type			British Merchant Navy 60s Black Dress Uniform Set - Large	https://lambrino.co.uk/products/british-merchant-navy-60s-black-dress-uniform-set
y	new	British Royal Navy 1960s Merchant Regimental Jacket	Jackets / Shirts	1				British Merchant Navy 60s Regimental Jacket - Large	https://lambrino.co.uk/products/british-army-60s-regimental-jacket
y	new	British Royal Navy 1960s No.1 Dress Jacket	Jackets / Shirts	1	type-from-product-type			British Royal Navy 60s No. 1 Dress - Royal Fleet Auxiliary - Large	https://lambrino.co.uk/products/british-royal-navy-60s-no-1-dress-royal-fleet-auxiliary
y	new	British Royal Navy 1970s Black Dress Blazer Jacket	Jackets / Shirts	1				British Royal Navy 70s Black Dress Blazer Jacket - X Large	https://lambrino.co.uk/products/british-royal-navy-black-dress-blazer-jacket
y	new	British Royal Navy 1970s Blue Cotton Long Sleeve Shirt	Jackets / Shirts	1				British Royal Navy Mens 72 Pattern Blue Cotton Shirt Long Sleeve - Large	https://lambrino.co.uk/products/british-royal-navy-72-pattern-working-mans-blue-long-sleeve-shirt-2
y	new	British Royal Navy 1970s Dress Jacket	Jackets / Shirts	1				British Royal Navy 70s Dress Jacket - Royal Fleet Auxiliary - Large	https://lambrino.co.uk/products/british-royal-navy-70s-dress-jacket-royal-fleet-auxiliary
y	new	British Royal Navy 1970s Mess Dress Jacket	Jackets / Shirts	1				British Royal Navy 70s Mess Dress Jacket - Royal Fleet Auxiliary - Large	https://lambrino.co.uk/products/british-royal-navy-70s-rfa-mess-dress-jacket-1
y	new	British Royal Navy 1970s Officers Windproof Jacket	Jackets / Shirts	1				British Royal Navy 70s Officers Windproof Jacket - Medium	https://lambrino.co.uk/products/british-royal-navy-70s-officers-windproof-jacket
y	new	British Royal Navy 1970s Working Man's Blue Long Sleeve Cotton Shirt	Jackets / Shirts	1				British Royal Navy 72 Pattern Working Man's Blue Long Sleeve Shirt - Medium	https://lambrino.co.uk/products/british-royal-navy-72-pattern-working-mans-blue-long-sleeve-shirt
y	new	British Royal Navy 1970s Working Man's Blue Long Sleeve Polyester Shirt	Jackets / Shirts	1				British Royal Navy 72 Pattern Working Man's Blue Long Sleeve Shirt - Medium 38/40	https://lambrino.co.uk/products/british-royal-navy-72-pattern-working-mans-blue-long-sleeve-shirt-1
y	new	British Royal Navy 1970s Working Woman's Blue Long Sleeve Cotton Shirt	Jackets / Shirts	1				British Royal Navy 72 Pattern Working Woman's Blue Long Sleeve Shirt - Small 34/92	https://lambrino.co.uk/products/british-royal-navy-72-pattern-working-womans-blue-long-sleeve-shirt
y	new	British Royal Navy 1970s Working Woman's Blue Long Sleeve Polyester Shirt	Jackets / Shirts	1				British Royal Navy 72 Pattern Working Woman's Blue Long Sleeve Shirt - Medium 36/100	https://lambrino.co.uk/products/british-royal-navy-72-pattern-working-womans-blue-long-sleeve-shirt-1
y	new	British Royal Navy 1980s Class II Sailor's Jumper	Jackets / Shirts	3				British Royal Navy 80s Class II Jumper Sailor's Top - Medium	https://lambrino.co.uk/products/british-royal-navy-class-ii-jumper-sailors-top-11
y	new	British Royal Navy 1980s No.7 Mess Dress Uniform Jacket	Jackets / Shirts	1	type-from-product-type			British Royal Navy 80s No. 7 Mess Dress Uniform - Medium	https://lambrino.co.uk/products/british-royal-navy-80s-no-7-mess-dress-uniform
y	new	British Royal Navy 1980s No.7 Mess Dress Waistcoat	Jackets / Shirts	1				British Royal Navy 80s No. 7 Mess Dress Waistcoat - Medium	https://lambrino.co.uk/products/british-royal-navy-no-7-mess-dress-waistcoat
y	new	British Royal Navy 1980s Windproof Jacket	Jackets / Shirts	1				British Royal Navy 80s Windproof Jacket - Medium 190/100	https://lambrino.co.uk/products/british-royal-navy-windproof-jacket-1
y	new	British Royal Navy 2010s Commando Warm Weather Combat Jacket	Jackets / Shirts	1				British Army MTP Camouflage Warm Weather Combat Jacket - Royal Navy Commando	https://lambrino.co.uk/products/british-army-mtp-camouflage-warm-weather-combat-jacket
y	new	British Royal Navy 2010s Warm Weather Combat Jacket	Jackets / Shirts	1				British Army MTP Camouflage Warm Weather Combat Jacket - Royal Navy - Large 190/112	https://lambrino.co.uk/products/british-army-mtp-camouflage-warm-weather-combat-jacket-royal-navy
y	new	British Tri-Services 0000s Blue PTI Tracksuit Jacket	Jackets / Shirts	30	date-unknown			British Army / Tri-Services Navy Blue PTI Tracksuit Top Jacket - X Large 190/116	https://lambrino.co.uk/products/british-army-tri-services-navy-blue-pti-tracksuit-top-jacket-17
y	new	British Tri-Services 0000s Dentist's Scrubs Blue Tunic	Jackets / Shirts	1	date-unknown			British Army Dentist's Tunic Scrubs Blue Tri Services - Large 104cm	https://lambrino.co.uk/products/british-army-dentists-tunic-scrubs-blue-tri-services
y	new	British Army 0000s Revision Safety Glasses Padded Carry Case	Pouches / Cases	1	date-unknown			British Army Revision Safety Glasses Padded Carry Case	https://lambrino.co.uk/products/british-army-revision-safety-glasses-padded-carry-case
y	new	British Army 0000s Women's Brown Leather Handbag Field Gear	Sleep / Shelter / Field	1	date-unknown,type-from-product-type			British Army Women's Brown Leather Handbag	https://lambrino.co.uk/products/british-army-womens-brown-leather-handbag
y	new	British Army 1950s 73 x 33.5 Tent Sheet Field Gear	Sleep / Shelter / Field	1	type-from-product-type			British Army 50s Tent Sheet - 73 x 33.5"	https://lambrino.co.uk/products/british-army-50s-ground-sheet
y	new	British Army 1970s Mesh Scrim Net Cover 32 x 56 Field Gear	Sleep / Shelter / Field	9	type-from-product-type,fabric-unknown			British Army 70s Mesh Scrim Net Cover 32 x 56"	https://lambrino.co.uk/products/british-army-70s-mesh-scrim-net-cover-4
y	new	British Army 1970s Mesh Scrim Net Cover 40 x 52 Field Gear	Sleep / Shelter / Field	1	type-from-product-type,fabric-unknown			British Army 70s Mesh Scrim Net Cover 40 x 52"	https://lambrino.co.uk/products/british-army-70s-mesh-scrim-net-cover-1
y	new	British Army 0000s 1950's Footguards No.1 Blues Dress Trousers	Trousers / Coveralls	1	date-unknown			British Army 1950's Footguards No 1 Blues Dress Trousers - W33 L31	https://lambrino.co.uk/products/british-army-1950s-footguards-no-1-blues-dress-trousers
y	new	British Army 0000s 1960's Footguards No.1 Blues Dress Trousers	Trousers / Coveralls	1	date-unknown			British Army 1960's Footguards No 1 Blues Dress Trousers - W33 L28.5	https://lambrino.co.uk/products/british-army-1960s-footguards-no-1-blues-dress-trousers
y	new	British Army 0000s 1960's Life Guards O. R. No.1 Blues Dress Cavalry Trousers	Trousers / Coveralls	1	date-unknown			British Army 1960's Life Guards O. R. No 1 Blues Dress Cavalry Trousers - W32 L29	https://lambrino.co.uk/products/british-army-1960s-life-guards-no-1-blues-dress-cavalry-trousers-w
y	new	British Army 0000s 1980 No.2 Khaki Green Dress Trousers	Trousers / Coveralls	1	date-unknown			British Army 1980 Pattern No. 2 Khaki Green Dress Trousers - W31 L37.5	https://lambrino.co.uk/products/british-army-1980-pattern-no-2-khaki-green-dress-trousers
y	new	British Army 0000s 1980's DPM No.1 NBC Mk IIIB Protective Trousers	Trousers / Coveralls	1	date-unknown			British Army 1980's DPM Camouflage No.1 NBC Mk IIIB Protective Trousers - 180/100	https://lambrino.co.uk/products/british-army-1980s-dpm-camouflage-no-1-nbc-mk-iiib-protective-trousers
y	new	British Army 0000s 1980's Olive Drab OD No.1 NBC Mk IV Protective Trousers	Trousers / Coveralls	2	date-unknown			British Army 1980's Olive Drab OD No.1 NBC Mk IV Protective Trousers - 180/100	https://lambrino.co.uk/products/british-army-1980s-olive-drab-od-no-1-nbc-mk-iv-protective-trousers-1
y	new	British Army 0000s 3 Pack Undershorts Anti Microbial Black Trousers	Trousers / Coveralls	1	date-unknown,type-from-product-type			British Army Undershorts Anti-Microbial Black - 3 Pack - Large	https://lambrino.co.uk/products/british-army-undershorts-anti-microbial-black-3-pack
y	new	British Army 0000s 36 Woodland DPM MVP Waterproof Trousers	Trousers / Coveralls	1	date-unknown,fabric-unknown			British Army Woodland DPM Camouflage MVP Waterproof Trousers  Shorts - W32-36	https://lambrino.co.uk/products/british-army-woodland-dpm-camouflage-mvp-waterproof-trousers-shorts
y	new	British Army 0000s 90 Desert DPM Combat Trousers	Trousers / Coveralls	2	date-unknown			British Army Desert DPM Camouflage Combat Trousers - 90 Pattern - W33 L31	https://lambrino.co.uk/products/british-army-desert-dpm-camouflage-combat-trousers-90-pattern
y	new	British Army 0000s Assault Suit Black Coverall	Trousers / Coveralls	2	date-unknown			British Army Assault Suit Coverall Black - Medium	https://lambrino.co.uk/products/british-army-assault-suit-coverall-black-1
y	new	British Army 0000s Barrack Dress Green Trousers	Trousers / Coveralls	8	date-unknown			British Army Barrack Dress Green Trousers - W34 L29	https://lambrino.co.uk/products/british-army-barrack-dress-green-trousers-6
y	new	British Army 0000s Beaufort Boat Operator Immersion Suit Trousers	Trousers / Coveralls	1	date-unknown,type-from-product-type			British Army Beaufort Boat Operator Immersion Suit - Large 180/104	https://lambrino.co.uk/products/british-army-beaufort-mk20a-immersion-suit-1
y	new	British Army 0000s Beaufort MK20A Immersion Suit Trousers	Trousers / Coveralls	1	date-unknown,type-from-product-type			British Army Beaufort MK20A Immersion Suit - Small	https://lambrino.co.uk/products/british-army-beaufort-mk20a-immersion-suit
y	new	British Army 0000s Black Fatigue Work Trousers	Trousers / Coveralls	1	date-unknown			British Army Black Fatigue Work Trousers - W28 L27.5	https://lambrino.co.uk/products/british-army-black-fatigue-work-trousers
y	new	British Army 0000s Combie Beaufort Green Thermal Protection Garment Onesie Trousers	Trousers / Coveralls	7	date-unknown,type-from-product-type			British Army Beaufort Green Thermal Protection Garment Onesie - Combie - Medium	https://lambrino.co.uk/products/british-army-beaufort-green-thermal-protection-garment-onesie-combie-6
y	new	British Army 0000s Cotton Work Olive Green Coveralls	Trousers / Coveralls	2	date-unknown			British Army Cotton Work Coveralls Olive Green - Medium 180/100	https://lambrino.co.uk/products/british-army-cotton-work-coveralls-olive-green-1
y	new	British Army 0000s Cotton Work Olive Green with Patch Coveralls	Trousers / Coveralls	1	date-unknown			British Army Cotton Work Coveralls Olive Green w/ Patch - Medium 180/100	https://lambrino.co.uk/products/british-army-cotton-work-coveralls-olive-green-w-patch-medium-180-100
y	new	British Army 0000s DPM Waterproof Trousers	Trousers / Coveralls	1	date-unknown,fabric-unknown			British Army DPM Camouflage Waterproof Trousers - W36 L27	https://lambrino.co.uk/products/british-army-dpm-camouflage-waterproof-trousers
y	new	British Army 0000s Extreme Cold Weather Trouser Liner Trousers	Trousers / Coveralls	6	date-unknown,type-from-product-type			British Army Extreme Cold Weather Trouser Liner - W34 L29	https://lambrino.co.uk/products/british-army-extreme-cold-weather-trouser-liner-w
y	new	British Army 0000s Footguards 1959 Sergeant Dress Trousers	Trousers / Coveralls	1	date-unknown			British Army Footguards 1959 Pattern Sergeant Dress Trousers - W35 L33	https://lambrino.co.uk/products/british-army-footguards-1959-pattern-sergeant-dress-trousers
y	new	British Army 0000s Footguards Cavalry No.1 Blues Dress Trousers	Trousers / Coveralls	1	date-unknown			British Army Footguards Cavalry No 1 Blues Dress Trousers - W41 L33	https://lambrino.co.uk/products/british-army-footguards-cavalry-no-1-blues-dress-trousers
y	new	British Army 0000s Footguards No.1 Blues Dress Cavalry Trousers	Trousers / Coveralls	7	date-unknown			British Army Footguards No 1 Blues Dress Cavalry Trousers - W29 L27.5	https://lambrino.co.uk/products/british-army-footguards-no-1-blues-dress-cavalry-trousers-2
y	new	British Army 0000s Footguards No.1 Blues Dress R F Musicians Trousers	Trousers / Coveralls	2	date-unknown			British Army Footguards No 1 Blues Dress R & F Musicians Trousers - W32 L34	https://lambrino.co.uk/products/british-army-footguards-no-1-blues-dress-r-f-musicians-trousers-w
y	new	British Army 0000s Footguards No.1 Blues Dress Sergeant R F Musicians Trousers	Trousers / Coveralls	1	date-unknown			British Army Footguards No 1 Blues Dress Sergeant R & F Musicians Trousers - W33 L34	https://lambrino.co.uk/products/british-army-footguards-no-1-blues-dress-sergeant-r-f-musicians-trousers
y	new	British Army 0000s Footguards No.1 Blues Dress Trousers	Trousers / Coveralls	7	date-unknown			British Army Footguards No 1 Blues Dress Trousers - W31 L29	https://lambrino.co.uk/products/british-army-footguards-no-1-blues-dress-trousers-2
y	new	British Army 0000s Footguards Officers Dress Overalls	Trousers / Coveralls	2	date-unknown			British Army Footguards Officers Overalls Dress Trousers - W35 L31	https://lambrino.co.uk/products/british-army-footguards-officers-overalls-dress-trousers-1
y	new	British Army 0000s Footguards Officers' Black Red Stripe Trousers	Trousers / Coveralls	1	date-unknown			British Army Footguards Officers' Black Red Stripe Trousers - W36 L32.5	https://lambrino.co.uk/products/british-army-footguards-officers-black-red-stripe-trousers
y	new	British Army 0000s Footguards Sergeant Dress Trousers	Trousers / Coveralls	2	date-unknown			British Army Footguards Sergeant Dress Trousers - W38 L34.5	https://lambrino.co.uk/products/british-army-footguards-sergeant-dress-trousers-1
y	new	British Army 0000s Height Snow Over Trousers	Trousers / Coveralls	1	date-unknown			British Army Snow Camouflage Over Trousers - Height 180cm	https://lambrino.co.uk/products/british-army-snow-camouflage-over-trousers-1
y	new	British Army 0000s Irish Guards No.1 Dress Black Trousers	Trousers / Coveralls	1	date-unknown			British Army No. 1 Dress Black Trousers - Irish Guards - W44 L33	https://lambrino.co.uk/products/british-army-no-1-dress-black-trousers-irish-guards
y	new	British Army 0000s Johns Drawers Thermal Olive Green Trousers	Trousers / Coveralls	3	date-unknown,type-from-product-type			British Army Long Johns Drawers Thermal Olive Green - Medium	https://lambrino.co.uk/products/british-army-long-johns-drawers-thermal-olive-green-medium
y	new	British Army 0000s L Footguards No.1 Blues Dress Cavalry Trousers	Trousers / Coveralls	1	date-unknown			British Army Footguards No 1 Blues Dress Cavalry Trousers - W34 L	https://lambrino.co.uk/products/british-army-footguards-no-1-blues-dress-cavalry-trousers-w
y	new	British Army 0000s Light Infantry Rifles No.1 Blues Dress Trousers	Trousers / Coveralls	13	date-unknown			British Army No1 Blues Dress Trousers - Light Infantry / Rifles - W33 L30	https://lambrino.co.uk/products/british-army-no1-blues-dress-trousers-light-infantry-rifles-w-4
y	new	British Army 0000s Longie Beaufort Green Thermal Protection Garment Onesie Trousers	Trousers / Coveralls	4	date-unknown,type-from-product-type			British Army Beaufort Green Thermal Protection Garment Onesie - Longie - Medium	https://lambrino.co.uk/products/british-army-beaufort-green-thermal-protection-garment-onesie-longie-2
y	new	British Army 0000s MVP Petroleum Protective Salopettes	Trousers / Coveralls	1	date-unknown,fabric-unknown			British Army MVP Petroleum Protective Salopettes - W36 L28	https://lambrino.co.uk/products/british-army-mvp-petroleum-protective-salopettes
y	new	British Army 0000s Moss Bros. No.1 Dress Trousers	Trousers / Coveralls	1	date-unknown			British Army Vintage Moss Bros. No. 1 Dress Trousers - W36 L29.5	https://lambrino.co.uk/products/british-army-vintage-moss-bros-no-1-dress-trousers
y	new	British Army 0000s No.1 Blues Dress Trousers	Trousers / Coveralls	10	date-unknown			British Army No 1 Blues Dress Trousers - W30 L30	https://lambrino.co.uk/products/british-army-no-1-blues-dress-trousers-w
y	new	British Army 0000s No.1 Dress All Ranks Trousers	Trousers / Coveralls	4	date-unknown			British Army No 1 Dress All Ranks Trousers - W33 L28	https://lambrino.co.uk/products/british-army-no-1-dress-all-ranks-trousers-2
y	new	British Army 0000s No.1 Dress Blue O.R. All Ranks Trousers	Trousers / Coveralls	2	date-unknown			British Army No. 1 Dress Trousers Blue O.R. All Ranks - W38 L32	https://lambrino.co.uk/products/british-army-no-1-dress-trousers-blue-o-r-all-ranks
y	new	British Army 0000s No.1 Dress Footguards All Ranks Trousers	Trousers / Coveralls	1	date-unknown			British Army No. 1 Dress Trousers Footguards All Ranks - W28 L29	https://lambrino.co.uk/products/british-army-no-1-dress-trousers-all-ranks-1
y	new	British Army 0000s No.1 Dress Footguards OR Trousers	Trousers / Coveralls	2	date-unknown			British Army No 1 Dress Footguards OR Trousers - W42 L29	https://lambrino.co.uk/products/british-army-no-1-dress-footguards-or-trousers-w
y	new	British Army 0000s No.1 Dress Footguards R F Musician's 59 Trousers	Trousers / Coveralls	1	date-unknown			British Army No 1 Dress Footguards R&F Musician's 59 Pattern Trousers - W34 L29	https://lambrino.co.uk/products/british-army-no-1-dress-footguards-r-f-musicians-59-pattern-trousers
y	new	British Army 0000s No.1 Dress Footguards Sergeant Musician's R F Trousers	Trousers / Coveralls	1	date-unknown			British Army No 1 Dress Footguards Sergeant Musician's R&F Trousers - W33 L32	https://lambrino.co.uk/products/british-army-no-1-dress-footguards-sergeant-musicians-r-f-trousers
y	new	British Army 0000s No.1 Dress Footguards Trousers	Trousers / Coveralls	1	date-unknown			British Army No1 Dress Footguards Trousers - W41 L27.5	https://lambrino.co.uk/products/british-royal-marines-no1-blues-dress-trousers-w-4
y	new	British Army 0000s No.1 Dress Footguards WO Musician's R F Trousers	Trousers / Coveralls	3	date-unknown			British Army No 1 Dress Footguards WO Musician's R&F Trousers - W34 L33.5	https://lambrino.co.uk/products/british-army-no-1-dress-footguards-wo-musicians-r-f-trousers-2
y	new	British Army 0000s No.1 Dress Trousers	Trousers / Coveralls	3	date-unknown			British Army No. 1 Dress Trousers - W37 L34	https://lambrino.co.uk/products/british-army-no-1-dress-trousers-w37-l34-1
y	new	British Army 0000s No.2 Dress Brown Skirt	Trousers / Coveralls	1	date-unknown			British Army No. 2 Dress Brown Skirt - W30 L23	https://lambrino.co.uk/products/british-army-no-2-dress-brown-skirt
y	new	British Army 0000s No.2 Dress Brown Trousers	Trousers / Coveralls	1	date-unknown			British Army No. 2 Dress Brown Trousers - W38 L36	https://lambrino.co.uk/products/british-army-no-2-dress-brown-trousers
y	new	British Army 0000s No.2 FAD Barracks Brown Parade Ceremonial Dress Trousers	Trousers / Coveralls	1	date-unknown			British Army No. 2 FAD Barracks Brown Parade Ceremonial Dress Trousers	https://lambrino.co.uk/products/british-army-no2-dress-fad-barrack-brown-birdseye-parade-ceremonial-trousers
y	new	British Army 0000s No.2 FAD Barracks Brown Women's Slacks Trousers	Trousers / Coveralls	6	date-unknown			British Army No. 2 FAD Barracks Brown Women's Slacks Trousers - W32 L27	https://lambrino.co.uk/products/british-army-no-2-fad-barracks-brown-womens-slacks-trousers-5
y	new	British Army 0000s No.6 Dress Uniform Trousers	Trousers / Coveralls	4	date-unknown			British Army No. 6 Dress Uniform Trousers - W42 L31	https://lambrino.co.uk/products/british-army-no-6-dress-uniform-trousers-4
y	new	British Army 0000s No.6 Uniform Dress Trousers	Trousers / Coveralls	2	date-unknown			British Army No. 6 Uniform Dress Trousers - W37 L33	https://lambrino.co.uk/products/british-army-no-6-uniform-dress-trousers
y	new	British Army 0000s OPFOR Blue DPM Combat Trousers	Trousers / Coveralls	5	date-unknown			British Army OPFOR Blue DPM Camouflage Combat Trousers - W30 L30.5	https://lambrino.co.uk/products/british-army-opfor-blue-dpm-camouflage-combat-trousers-w30-l30-5
y	new	British Army 0000s Old No.2 Khaki Green Dress Trousers	Trousers / Coveralls	5	date-unknown			British Army Old Pattern No. 2 Khaki Green Dress Trousers - W39 L30 180/108	https://lambrino.co.uk/products/british-army-old-pattern-no-2-khaki-green-dress-trousers-3
y	new	British Army 0000s Olive Buffalo Thermal Trousers	Trousers / Coveralls	4	date-unknown			British Army Olive Buffalo Thermal Trousers - W40 L31.5	https://lambrino.co.uk/products/british-army-olive-buffalo-thermal-trousers-w-1
y	new	British Army 0000s Olive Green Fatigue Work Trousers	Trousers / Coveralls	17	date-unknown			British Army Olive Green Fatigue Work Trousers - W30 L28.5	https://lambrino.co.uk/products/british-army-olive-green-fatigue-work-trousers-11
y	new	British Army 0000s P84 DPM Combat Trousers	Trousers / Coveralls	6	date-unknown			British Army P84 DPM Camouflage Combat Trousers - W31 L32	https://lambrino.co.uk/products/british-army-p84-dpm-camouflage-combat-trousers-5
y	new	British Army 0000s P84 DPM Tailored Shorts	Trousers / Coveralls	1	date-unknown			British Army P84 DPM Camouflage Tailored Shorts - W40	https://lambrino.co.uk/products/british-army-p84-dpm-camouflage-tailored-shorts
y	new	British Army 0000s PTI Waterproof Utility Trousers	Trousers / Coveralls	1	date-unknown,fabric-unknown			British Army PTI Waterproof Utility Trousers - W36 L32	https://lambrino.co.uk/products/british-army-pti-waterproof-utility-trousers
y	new	British Army 0000s Poly Cotton Work Black Coveralls	Trousers / Coveralls	1	date-unknown			British Army Poly-Cotton Work Coveralls Black - Medium 190/100	https://lambrino.co.uk/products/british-army-poly-cotton-work-coveralls-black
y	new	British Army 0000s Poly Cotton Work Olive Green Coveralls	Trousers / Coveralls	2	date-unknown			British Army Poly-Cotton Work Coveralls Olive Green - 160/84	https://lambrino.co.uk/products/british-army-poly-cotton-work-coveralls-olive-green-1
y	new	British Army 0000s Protective Royal Observer Corps 1953 Trousers	Trousers / Coveralls	2	date-unknown,fabric-unknown			British Army Protective Trousers Royal Observer Corps 1953 - W33 L28.5	https://lambrino.co.uk/products/british-army-protective-trousers-royal-observer-corps-1954
y	new	British Army 0000s RM No.5 Lovat Parade Ceremonial Dress Trousers	Trousers / Coveralls	1	date-unknown			British Army RM No. 5 Lovat Parade Ceremonial Dress Trousers	https://lambrino.co.uk/products/british-army-rm-no-5-lovat-parade-ceremonial-dress-trousers
y	new	British Army 0000s Reversible Thermal Olive Green Tan Quilted Trousers	Trousers / Coveralls	4	date-unknown			British Army Reversible Thermal Olive Green / Tan Quilted Trousers - W38 L29.5	https://lambrino.co.uk/products/british-army-reversible-thermal-olive-green-tan-quilted-trousers-2
y	new	British Army 0000s Royal Artillery Mess Dress w Suspenders Trousers	Trousers / Coveralls	1	date-unknown			British Army Mess Dress Trousers w Suspenders - Royal Artillery - W40 L28	https://lambrino.co.uk/products/british-army-mess-dress-trousers-w-suspenders-royal-artillery
y	new	British Army 0000s Royal Dragoon Guards No.2 Dress Trousers	Trousers / Coveralls	16	date-unknown			British Army Royal Dragoon Guards No. 2 Dress Trousers - W32 L30	https://lambrino.co.uk/products/british-army-royal-dragoon-guards-no-2-dress-trousers-w-7
y	new	British Army 0000s Royal Hussars No.2 Dress Trousers	Trousers / Coveralls	11	date-unknown			British Army Royal Hussars No. 2 Dress Trousers - W38 L31	https://lambrino.co.uk/products/british-army-royal-hussars-no-2-dress-trousers-7
y	new	British Army 0000s Royal Hussars No.2 OR Dress Trousers	Trousers / Coveralls	1	date-unknown			British Army Royal Hussars No. 2 OR Dress Trousers - W31 L29	https://lambrino.co.uk/products/british-army-royal-hussars-no-2-or-dress-trousers
y	new	British Army 0000s Royal Inniskilling Dragoon Guards No.2 Dress Trousers	Trousers / Coveralls	1	date-unknown			British Army Royal Inniskilling Dragoon Guards No. 2 Dress Trousers - W32 L32.5	https://lambrino.co.uk/products/british-army-royal-dragoon-guards-no-2-dress-trousers-w-5
y	new	British Army 0000s Royal Irish No.1 Dress Trousers	Trousers / Coveralls	2	date-unknown			British Army No 1 Dress Trousers - Royal Irish - W34 L29	https://lambrino.co.uk/products/british-army-no-1-dress-trousers-royal-irish
y	new	British Army 0000s Royal Irish Rangers No.2 Dress Trousers	Trousers / Coveralls	15	date-unknown			British Army Royal Irish Rangers No. 2 Dress Trousers - W34 L27	https://lambrino.co.uk/products/british-army-royal-irish-rangers-no-2-dress-trousers-13
y	new	British Army 0000s Royal Regiment of Scotland Kilt Trousers	Trousers / Coveralls	4	date-unknown,type-from-product-type			British Army Kilt - Royal Regiment of Scotland - W32 170/84	https://lambrino.co.uk/products/british-army-kilt-royal-regiment-of-scotland-w
y	new	British Army 0000s Royal Regiment of Scotland Officer's Kilt Trousers	Trousers / Coveralls	1	date-unknown,type-from-product-type			British Army Officer's Kilt - Royal Regiment of Scotland - W32 170/84	https://lambrino.co.uk/products/british-army-kilt-royal-regiment-of-scotland-w32-170-84
y	new	British Army 0000s Shortie Beaufort Green Thermal Protection Garment Singlet Trousers	Trousers / Coveralls	2	date-unknown,type-from-product-type			British Army Beaufort Green Thermal Protection Garment Singlet - Shortie - Small	https://lambrino.co.uk/products/british-army-beaufort-green-thermal-protection-garment-onesie
y	new	British Army 0000s Survival One Drysuit Immersion Suit Trousers	Trousers / Coveralls	3	date-unknown,type-from-product-type			British Army Survival One Drysuit Immersion Suit - Medium	https://lambrino.co.uk/products/british-army-survival-one-drysuit-immersion-suit-2
y	new	British Army 0000s Technician's Extreme Cold Weather Coveralls	Trousers / Coveralls	3	date-unknown			British Army Technician's Extreme Cold Weather Coveralls - Large 190/112	https://lambrino.co.uk/products/british-army-technicians-extreme-cold-weather-coveralls-2
y	new	British Army 0000s The Rifles No.1 Blues Dress Trousers	Trousers / Coveralls	2	date-unknown			British Army No1 Blues Dress Trousers - The Rifles - W41 L36	https://lambrino.co.uk/products/british-army-no1-blues-dress-trousers-the-rifles-1
y	new	British Army 0000s Thermal Olive Green ECW Trousers	Trousers / Coveralls	1	date-unknown			British Army Thermal Olive Green ECW Trousers - W34 L23	https://lambrino.co.uk/products/british-army-thermal-olive-green-ecw-trousers
y	new	British Army 0000s Thermal Trouser Liners Aircrew Faux Fur Trousers	Trousers / Coveralls	1	date-unknown,type-from-product-type			British Army Thermal Trouser Liners Aircrew Faux Fur - W36 L28	https://lambrino.co.uk/products/british-army-thermal-trouser-liners-aircrew-faux-fur
y	new	British Army 0000s Thermal Underwear Johns Olive Trousers	Trousers / Coveralls	1	date-unknown,type-from-product-type			British Army Thermal Underwear Long Johns Olive - Medium 170/80	https://lambrino.co.uk/products/british-army-thermal-underwear-long-johns-olive
y	new	British Army 0000s Typhoon Black Thermal Protection Garment Onesie Trousers	Trousers / Coveralls	1	date-unknown,type-from-product-type			British Army Typhoon Black Thermal Protection Garment Onesie - Medium	https://lambrino.co.uk/products/british-army-typhoon-black-thermal-protection-garment-onesie
y	new	British Army 0000s Typhoon Drysuit Immersion Suit Trousers	Trousers / Coveralls	1	date-unknown,type-from-product-type			British Army Typhoon Drysuit Immersion Suit - X Large	https://lambrino.co.uk/products/british-army-typhoon-drysuit-immersion-suit
y	new	British Army 0000s Typhoon Goretex Immersion Drysuit Trousers	Trousers / Coveralls	2	date-unknown,type-from-product-type			British Army Typhoon Goretex Immersion Drysuit Multi Purpose - Large	https://lambrino.co.uk/products/british-army-typhoon-goretex-immersion-drysuit-multi-purpose
y	new	British Army 0000s Upper Deck Crewman's Suit DPM Trousers	Trousers / Coveralls	1	date-unknown,type-from-product-type,fabric-unknown			British Army Upper Deck Crewman's Suit DPM Camouflage - Small	https://lambrino.co.uk/products/british-army-upper-deck-crewmans-suit-dpm-camouflage
y	new	British Army 0000s WW1 1910s Khaki Cavalry Riding Jodhpurs Trousers	Trousers / Coveralls	1	date-unknown			British Army WW1 1910s Pattern Khaki Cavalry Riding Trousers Jodhpurs - W43	https://lambrino.co.uk/products/british-army-ww1-khaki-brown-household-cavalry-riding-trousers-jodhpurs
y	new	British Army 0000s Women's Barracks Brown Ceremonial FAD No.2 Dress Skirt	Trousers / Coveralls	8	date-unknown			British Army Women's Barracks Brown Ceremonial FAD No. 2 Dress Skirt - W32 L25	https://lambrino.co.uk/products/british-army-womens-barracks-brown-ceremonial-fad-no-2-dress-skirt-6
y	new	British Army 0000s Women's Barracks Brown FAD No.2 Dress Skirt	Trousers / Coveralls	1	date-unknown			British Army Women's Barracks Brown FAD No. 2 Dress Skirt - W32 L23.5	https://lambrino.co.uk/products/british-army-womens-barracks-brown-fad-no-2-dress-skirt
y	new	British Army 0000s Women's No.2 Dress Skirt	Trousers / Coveralls	1	date-unknown			British Army Women's No. 2 Dress Skirt - W32 L23	https://lambrino.co.uk/products/british-army-womens-no-2-dress-skirt
y	new	British Army 0000s Women's Old No.2 Dress Skirt	Trousers / Coveralls	1	date-unknown			British Army Women's Old Pattern No.2 Dress Skirt - W26.5 L26	https://lambrino.co.uk/products/british-army-womens-barracks-brown-old-pattern-no-2-dress-skirt
y	new	British Army 0000s Woodland DPM MVP Waterproof Trousers	Trousers / Coveralls	5	date-unknown,fabric-unknown			British Army Woodland DPM Camouflage MVP Waterproof Trousers - W38 L28.5	https://lambrino.co.uk/products/british-army-woodland-dpm-camouflage-mvp-waterproof-trousers-w
y	new	British Army 1940s Footguards No.1 Blues Dress Trousers	Trousers / Coveralls	1				British Army WW2 Footguards No 1 Blues Dress Trousers - W38 L29	https://lambrino.co.uk/products/british-army-ww2-footguards-no-1-blues-dress-trousers
y	new	British Army 1940s Household Cavalry Riding Jodhpurs Trousers	Trousers / Coveralls	3				British Army WW2 Household Cavalry Riding Trousers Jodhpurs - W31	https://lambrino.co.uk/products/british-army-ww2-household-cavalry-riding-trousers-jodhpurs-1
y	new	British Army 1940s Women's Land Corduroy Breeches Trousers	Trousers / Coveralls	1	type-from-product-type			British Army WW2 Women's Land Army Corduroy Breeches - W26 SIZE 0	https://lambrino.co.uk/products/british-army-ww2-womens-land-army-corduroy-breeches
y	new	British Army 1950s 1949 Khaki Battledress Trousers	Trousers / Coveralls	2				British Army 50s 1949 Pattern Khaki Battledress Trousers - W31 L29 SIZE 8	https://lambrino.co.uk/products/british-army-50s-1949-pattern-khaki-battledress-trousers
y	new	British Army 1950s Khaki Cavalry Riding Jodhpurs Trousers	Trousers / Coveralls	1				British Army 50s Khaki Cavalry Riding Trousers Jodhpurs - W22 L26.5	https://lambrino.co.uk/products/british-army-50s-khaki-cavalry-riding-trousers-jodhpurs
y	new	British Army 1950s No.1 Blues Dress Trousers	Trousers / Coveralls	1				British Army 50s No1 Blues Dress Trousers - W31 L28.5	https://lambrino.co.uk/products/british-army-50s-no1-blues-dress-trousers-w
y	new	British Army 1950s No.1 Dress Trousers	Trousers / Coveralls	1				British Army 50s No 1 Dress Trousers - W39 L30	https://lambrino.co.uk/products/british-army-50s-no-1-dress-trousers
y	new	British Army 1960s 1949 Khaki Battledress Trousers	Trousers / Coveralls	1				British Army 60s 1949 Pattern Khaki Battledress Trousers - W30 L29	https://lambrino.co.uk/products/british-army-60s-1949-pattern-khaki-battledress-trousers-w
y	new	British Army 1960s Black Coveralls	Trousers / Coveralls	1				British Army 60s Black Coveralls - Large SIZE 8	https://lambrino.co.uk/products/british-army-60s-black-coveralls
y	new	British Army 1960s DPM Combat Trousers	Trousers / Coveralls	1				British Army 68 Pattern DPM Camouflage Combat Trousers - W30 L31.5	https://lambrino.co.uk/products/british-army-68-pattern-dpm-camouflage-combat-trousers
y	new	British Army 1960s Footguards No.1 Blues Dress Trousers	Trousers / Coveralls	2				British Army 60s Footguards No 1 Blues Dress Trousers - W32 L29	https://lambrino.co.uk/products/british-army-60s-footguards-no-1-blues-dress-trousers
y	new	British Army 1960s No.1 Blues Dress Trousers	Trousers / Coveralls	1				British Army 60s No 1 Blues Dress Trousers - W34 L31	https://lambrino.co.uk/products/british-army-60s-no-1-blues-dress-trousers
y	new	British Army 1960s No.2 Khaki Green Dress Trousers	Trousers / Coveralls	1				British Army 60s No. 2 Khaki Green Dress Trousers - W34 L28.5	https://lambrino.co.uk/products/british-army-60s-no-2-khaki-green-dress-trousers
y	new	British Army 1960s Olive Green Overall Trousers	Trousers / Coveralls	1				British Army 60s Olive Green Overall Trousers - W31 L33.5	https://lambrino.co.uk/products/british-army-60s-olive-green-overall-trousers
y	new	British Army 1960s White Cotton Drill Coveralls	Trousers / Coveralls	1				British Army 60s "White" Cotton Drill Coveralls - Medium SIZE 2	https://lambrino.co.uk/products/british-army-60s-white-cotton-drill-coveralls
y	new	British Army 1970s No.2 Dress Khaki Wool Trousers	Trousers / Coveralls	2				British Army 70s No2 Dress Khaki Wool Trousers - W30 L25	https://lambrino.co.uk/products/british-army-70s-no2-dress-khaki-wool-trousers-w
y	new	British Army 1970s Royal Irish Rangers No.2 Dress Trousers	Trousers / Coveralls	1				British Army 70s Royal Irish Rangers No. 2 Dress Trousers - W29 L29	https://lambrino.co.uk/products/british-army-70s-royal-irish-rangers-no-2-dress-trousers
y	new	British Army 1970s Salvation Dress Trousers	Trousers / Coveralls	1				British Salvation Army 70s Navy Dress Trousers - W32 L30	https://lambrino.co.uk/products/british-salvation-army-70s-navy-dress-trousers
y	new	British Army 1980s Cotton Work Olive Green Coveralls	Trousers / Coveralls	1				British Army 80s Cotton Work Coveralls Olive Green - Small 160/84	https://lambrino.co.uk/products/british-army-cotton-work-coveralls-olive-green-2
y	new	British Army 1980s DPM Combat Trousers	Trousers / Coveralls	2				British Army 84 Pattern DPM Camouflage Combat Trousers - W31 L26	https://lambrino.co.uk/products/british-army-pattern-dpm-camouflage-combat-trousers
y	new	British Army 1980s Johns Thermal Olive Green Trousers	Trousers / Coveralls	1	type-from-product-type			British Army Long Johns 80s Thermal Olive Green - W32	https://lambrino.co.uk/products/british-army-long-johns-thermal-olive-green
y	new	British Army 1990s DPM AFV Crewman Exercise Coveralls	Trousers / Coveralls	2				British Army S95 DPM Camo AFV Crewman Exercise Coveralls - Medium 190/96	https://lambrino.co.uk/products/british-army-s95-dpm-camo-afv-crewman-exercise-coveralls
y	new	British Army 1990s DPM Combat Cotton Trousers	Trousers / Coveralls	19				British Army S95 DPM Camouflage Combat Trousers - W37 L35	https://lambrino.co.uk/products/british-army-s95-dpm-camouflage-combat-trousers-w
y	new	British Army 1990s DPM Combat Polyester Trousers	Trousers / Coveralls	2				British Army S95 DPM Camouflage Combat Trousers - W33 L33	https://lambrino.co.uk/products/british-army-s95-dpm-camouflage-combat-trousers-17
y	new	British Army 1990s DPM NBC Mk4a Protective Suit Overtrousers Trousers	Trousers / Coveralls	1	type-from-product-type			British Army S95 DPM Camo NBC Mk4a Protective Suit Overtrousers - X Large 190/108	https://lambrino.co.uk/products/british-army-s95-dpm-camo-nbc-nbcp-mk4a-protective-suit-overtrousers
y	new	British Army 1990s Desert DPM Combat Trousers	Trousers / Coveralls	2				British Army Desert DPM Camouflage S95 Combat Trousers - W34 L31	https://lambrino.co.uk/products/british-army-desert-dpm-camouflage-s95-combat-trousers-w
y	new	British Army 1990s Desert DPM Combat with Trousers	Trousers / Coveralls	1				British Army Desert DPM Camouflage S95 Combat Trousers w/ Belt - W35 L32	https://lambrino.co.uk/products/british-army-desert-dpm-camouflage-s95-combat-trousers-w-belt
y	new	British Army 1990s SAS Black Field Trousers	Trousers / Coveralls	18				British Army SAS S95 Black Field Trousers - W34 L31.5	https://lambrino.co.uk/products/british-army-sas-s95-black-field-trousers-5
y	new	British Army 2010s AFV Crewman Exercise Coveralls	Trousers / Coveralls	2				British Army MTP Camo AFV Crewman Exercise Coveralls - X Large 200/120	https://lambrino.co.uk/products/british-army-mtp-camo-afv-crewman-exercise-coveralls-1
y	new	British Army 2010s Combat Trousers	Trousers / Coveralls	1				British Army MTP Camouflage Combat Trousers - W32 L28.5	https://lambrino.co.uk/products/british-army-mtp-camouflage-combat-trousers
y	new	British Army 2010s Field Tailored Combat Shorts	Trousers / Coveralls	8				British Army MTP Camouflage Field Tailored Combat Shorts - W32	https://lambrino.co.uk/products/british-army-mtp-camouflage-field-tailored-combat-shorts-7
y	new	British Army 2010s MVP Petroleum Protective Salopettes	Trousers / Coveralls	11	fabric-unknown			British Army MVP Petroleum Protective Salopettes MTP Camouflage - W34 L30	https://lambrino.co.uk/products/british-army-mvp-petroleum-protective-salopettes-mtp-camouflage-5
y	new	British Army 2010s Shorts	Trousers / Coveralls	4				British Army MTP Camouflage Shorts - W34	https://lambrino.co.uk/products/british-army-mtp-camouflage-shorts-2
y	new	British Army 2010s Tier 3 Pelvic Protection Trouser Cover Trousers	Trousers / Coveralls	5	type-from-product-type			British Army Tier 3 Pelvic Protection MTP Camouflage Trouser Cover - Medium	https://lambrino.co.uk/products/british-army-tier-3-pelvic-protection-mtp-camouflage-trouser-cover-medium-1
y	new	British Army 2010s Warm Weather Combat Trousers	Trousers / Coveralls	2				British Army MTP Camouflage Warm Weather Combat Trousers - W30 L29	https://lambrino.co.uk/products/british-army-mtp-camouflage-warm-weather-combat-trousers
y	new	British Army 2010s Woodland MVP Waterproof Trousers	Trousers / Coveralls	1	fabric-unknown			British Army Woodland MTP Camouflage MVP Waterproof Trousers - W42 L32.5	https://lambrino.co.uk/products/british-army-woodland-mtp-camouflage-mvp-waterproof-trousers
y	new	British Army 2020s Goretex Immersion Drysuit Trousers	Trousers / Coveralls	8	type-from-product-type			British Army P23 Goretex Immersion Drysuit Multi Purpose - Large	https://lambrino.co.uk/products/british-army-p23-goretex-immersion-drysuit-multi-purpose-6
y	new	British Army 2020s PT Black Trousers	Trousers / Coveralls	1				British Army P23 PT Black Trousers - W38 L33	https://lambrino.co.uk/products/british-army-p23-pt-black-trousers
y	new	British MoD 0000s 16R Home Office Women's Utility Trousers	Trousers / Coveralls	2	date-unknown			British MoD Home Office Women's Utility Trousers - W34 L29 16R	https://lambrino.co.uk/products/british-mod-home-office-womens-utility-trousers-11
y	new	British MoD 0000s 32B Home Office Women's Utility Trousers	Trousers / Coveralls	2	date-unknown			British MoD Home Office Women's Utility Trousers - W51 L35 32B	https://lambrino.co.uk/products/british-mod-home-office-womens-utility-trousers-w51-l35-32b
y	new	British MoD 0000s 32R Home Office Utility Trousers	Trousers / Coveralls	3	date-unknown			British MoD Home Office Utility Trousers - W32 L30.5 32R	https://lambrino.co.uk/products/british-mod-home-office-utility-trousers-w32-l30-5-32r
y	new	British MoD 0000s Border Agency Home Office Black Coveralls	Trousers / Coveralls	3	date-unknown			British MoD Home Office Black Coveralls - UK Border Agency - X Large 116R	https://lambrino.co.uk/products/british-mod-home-office-black-coveralls-uk-border-agency-1
y	new	British MoD 0000s Home Office Utility Cotton Trousers	Trousers / Coveralls	7	date-unknown			British MoD Home Office Utility Trousers - W32 L30.5	https://lambrino.co.uk/products/british-mod-home-office-utility-trousers-11
y	new	British MoD 0000s Home Office Utility Ripstop Trousers	Trousers / Coveralls	1	date-unknown			British MoD Home Office Utility Trousers - W34 L32	https://lambrino.co.uk/products/british-mod-home-office-utility-trousers
y	new	British MoD 0000s Home Office Women's Utility Cotton Trousers	Trousers / Coveralls	1	date-unknown			British MoD Home Office Women's Utility Trousers - W33 L29	https://lambrino.co.uk/products/british-mod-home-office-utility-trousers-2
y	new	British MoD 0000s Home Office Women's Utility Polyester Trousers	Trousers / Coveralls	21	date-unknown			British MoD Home Office Women's Utility Trousers - W33 L27	https://lambrino.co.uk/products/british-mod-home-office-womens-utility-trousers-21
y	new	British MoD 0000s Unhemmed Home Office Utility Trousers	Trousers / Coveralls	1	date-unknown			British MoD Home Office Utility Trousers - W28 L40 / Unhemmed	https://lambrino.co.uk/products/british-mod-home-office-utility-trousers-9
y	new	British Police 0000s 16XL Women's Black Utility Trousers	Trousers / Coveralls	1	date-unknown			British Police Women's MoD Black Utility Trousers - W37 L29.5 16XL	https://lambrino.co.uk/products/british-police-womens-mod-black-utility-trousers-3
y	new	British Police 0000s Black Bibbed Overalls	Trousers / Coveralls	3	date-unknown			British Army / Police MoD Black Bibbed Overalls - W51 L29	https://lambrino.co.uk/products/british-army-police-mod-black-bibbed-overalls-2
y	new	British Police 0000s Black Utility Cotton Trousers	Trousers / Coveralls	1	date-unknown			British Police MoD Black Utility Trousers - W36 L26	https://lambrino.co.uk/products/british-police-mod-black-utility-trousers
y	new	British Police 0000s Black Utility Polyester Trousers	Trousers / Coveralls	9	date-unknown			British Police MoD Black Utility Trousers - W35 L28.5	https://lambrino.co.uk/products/british-police-mod-black-utility-trousers-8
y	new	British Police 0000s Hi Vis Overall Trousers	Trousers / Coveralls	1	date-unknown			British Police MoD Hi-Vis Overall Trousers - W54	https://lambrino.co.uk/products/british-police-mod-hi-vis-overall-trousers
y	new	British Police 0000s Remploy Civil Responder CBRN Under Coverall	Trousers / Coveralls	1	date-unknown,fabric-unknown			British Army / Police Remploy Civil Responder CBRN Under Coverall - 190/108	https://lambrino.co.uk/products/british-army-remploy-civi-responder-cbrn-under-coverall
y	new	British Police 0000s Women's Black Utility Trousers	Trousers / Coveralls	4	date-unknown			British Police Women's MoD Black Utility Trousers - W32 L28.5	https://lambrino.co.uk/products/british-police-womens-mod-black-utility-trousers-4
y	new	British RAF 0000s 1950's Mess Dress Trousers	Trousers / Coveralls	1	date-unknown			British Royal Air Force 1950's Mess Dress Trousers - W33 L28	https://lambrino.co.uk/products/british-royal-air-force-1950s-mess-dress-trousers
y	new	British RAF 0000s 1960's No.1 Dress Trousers	Trousers / Coveralls	1	date-unknown			British Royal Air Force 1960's No. 1 Dress Trousers - W33 L27	https://lambrino.co.uk/products/british-royal-air-force-raf-no-1-dress-trousers
y	new	British RAF 0000s 1972 Blue Dress Trousers	Trousers / Coveralls	1	date-unknown			British RAF 1972 Pattern Blue Dress Trousers - W34 L27	https://lambrino.co.uk/products/british-raf-1972-pattern-blue-dress-trousers
y	new	British RAF 0000s 1980's 1972 with Suspenders Trousers	Trousers / Coveralls	1	date-unknown			British Royal Air Force 1980's 1972 Pattern Trousers w/ Suspenders - W30 L29	https://lambrino.co.uk/products/british-royal-air-force-1980s-1972-pattern-trousers-w-suspenders
y	new	British RAF 0000s Aircrew Inner Knitted MK 1 Coverall	Trousers / Coveralls	1	date-unknown			British RAF Aircrew Inner Knitted MK 1 Coverall - Medium	https://lambrino.co.uk/products/british-raf-aircrew-inner-knitted-mk-1-coverall
y	new	British RAF 0000s Ballyclare MK4A FR Cold Weather Aircrew Trousers	Trousers / Coveralls	3	date-unknown			British RAF Ballyclare MK4A FR Cold Weather Aircrew Trousers - W37 L31 SIZE 8	https://lambrino.co.uk/products/british-raf-ballyclare-mk4a-fr-cold-weather-aircrew-trousers
y	new	British RAF 0000s Beaufort MK3 FR Cold Weather Aircrew Trousers	Trousers / Coveralls	3	date-unknown			British RAF Beaufort MK3 FR Cold Weather Aircrew Trousers - W40 L27	https://lambrino.co.uk/products/british-raf-beaufort-mk3-fr-cold-weather-aircrew-trousers-w-1
y	new	British RAF 0000s Beaufort MK3B FR Cold Weather Aircrew Trousers	Trousers / Coveralls	1	date-unknown			British RAF Beaufort MK3B FR Cold Weather Aircrew Trousers - W39 L32 SIZE 7	https://lambrino.co.uk/products/british-raf-beaufort-mk3b-fr-cold-weather-aircrew-trousers-w
y	new	British RAF 0000s Foul Weather MVP Trousers	Trousers / Coveralls	2	date-unknown,fabric-unknown			British Royal Air Force Foul Weather MVP Trousers - W41 L33	https://lambrino.co.uk/products/british-royal-air-force-foul-weather-mvp-trousers-1
y	new	British RAF 0000s Green Aircrew Coverall	Trousers / Coveralls	1	date-unknown,fabric-unknown			British RAF Green Aircrew Coverall - Medium 185/96	https://lambrino.co.uk/products/british-raf-green-aircrew-coverall
y	new	British RAF 0000s Green Aircrew MK16A Coverall	Trousers / Coveralls	1	date-unknown,fabric-unknown			British RAF Green Aircrew Coverall MK16A - Large SIZE 12	https://lambrino.co.uk/products/british-raf-green-aircrew-coverall-mk16a
y	new	British RAF 0000s MK3 FR Cold Weather Aircrew Trousers	Trousers / Coveralls	8	date-unknown			British RAF MK3 FR Cold Weather Aircrew Trousers - W32 L32.5	https://lambrino.co.uk/products/british-raf-mk3-fr-cold-weather-aircrew-trousers-2
y	new	British RAF 0000s No.1 Dress Officers WO's Trousers	Trousers / Coveralls	1	date-unknown			British RAF No. 1 Dress Trousers Officers & WO's - W33 L30	https://lambrino.co.uk/products/british-raf-no-1-dress-trousers-officers-wos
y	new	British RAF 0000s No.2 Blue Dress Trousers	Trousers / Coveralls	1	date-unknown			British RAF No. 2 Blue Dress Trousers	https://lambrino.co.uk/products/british-raf-no-2-blue-dress-trousers
y	new	British RAF 0000s No.2 Dress Slacks Trousers	Trousers / Coveralls	3	date-unknown,type-from-product-type			British Royal Air Force Womens No. 2 Dress Slacks - W30 L29	https://lambrino.co.uk/products/british-royal-air-force-womens-no-2-dress-slacks-1
y	new	British RAF 0000s No.2 Dress Trousers	Trousers / Coveralls	2	date-unknown			British Royal Air Force Womens No. 2 Dress Trousers - W33 L28.5	https://lambrino.co.uk/products/british-royal-air-force-womens-no-2-dress-trousers
y	new	British RAF 0000s No.4 No.6 Tropical Stone Dress Trousers	Trousers / Coveralls	1	date-unknown			British Army RAF No. 4 / No. 6 Tropical Stone Dress Trousers	https://lambrino.co.uk/products/british-army-raf-no-4-no-6-tropical-stone-dress-trousers
y	new	British RAF 0000s No.6 Dress Officer's WO. MA. Trousers	Trousers / Coveralls	1	date-unknown			British Royal Air Force RAF No. 6 Dress Trousers Officer's WO. MA. - W28 L27.5	https://lambrino.co.uk/products/british-raf-no-6-dress-uniform-trousers-2
y	new	British RAF 0000s No.9 Musicians Dress Trousers	Trousers / Coveralls	2	date-unknown			British RAF No. 9 Musicians Dress Trousers - W34 L30	https://lambrino.co.uk/products/british-raf-no-9-musicians-dress-trousers
y	new	British RAF 0000s OA No.1 Dress Trousers	Trousers / Coveralls	1	date-unknown			British Royal Air Force RAF OA No. 1 Dress Trousers - X Small - X Short	https://lambrino.co.uk/products/british-royal-air-force-raf-oa-no-1-dress-trousers
y	new	British RAF 0000s Officer's No.2 Blue Dress Trousers	Trousers / Coveralls	2	date-unknown			British RAF Officer's No. 2 Blue Dress Trousers - W36 L33	https://lambrino.co.uk/products/british-raf-officers-no-2-blue-dress-trousers-1
y	new	British RAF 0000s Poly Cotton Work Coveralls	Trousers / Coveralls	1	date-unknown			British Royal Air Force RAF Poly-Cotton Work Coveralls - Medium 180/100	https://lambrino.co.uk/products/british-royal-air-force-raf-blue-grey-utility-work-coveralls
y	new	British RAF 0000s Tan Aircrew Coverall	Trousers / Coveralls	1	date-unknown,fabric-unknown			British RAF Tan Aircrew Coverall - Medium SIZE 7	https://lambrino.co.uk/products/british-raf-tan-aircrew-coverall
y	new	British RAF 0000s Tropical Stone Shorts	Trousers / Coveralls	6	date-unknown			British RAF Tropical Stone Shorts - W30	https://lambrino.co.uk/products/british-raf-tropical-stone-shorts-4
y	new	British RAF 0000s Wet Weather MVP Trousers	Trousers / Coveralls	4	date-unknown,fabric-unknown			British Royal Air Force Wet Weather MVP Trousers - W29 L29	https://lambrino.co.uk/products/british-royal-air-force-wet-weather-mvp-trousers-w-1
y	new	British RAF 0000s Women's Dress Skirt	Trousers / Coveralls	6	date-unknown			British Royal Air Force Women's Dress Skirt - W30 L22	https://lambrino.co.uk/products/british-royal-air-force-womens-dress-skirt-5
y	new	British RAF 0000s Work Olive Green Coveralls	Trousers / Coveralls	1	date-unknown			British RAF Work Coveralls Olive Green - X Large 190/116	https://lambrino.co.uk/products/british-army-work-coveralls-olive-green
y	new	British RAF 0000s Work Stone Coveralls	Trousers / Coveralls	1	date-unknown			British RAF Work Coveralls Stone - Large 170/108	https://lambrino.co.uk/products/british-raf-work-coveralls-stone
y	new	British RAF 1960s 1949 Battledress Trousers	Trousers / Coveralls	1				British RAF 60s 1949 Pattern Battledress Trousers - W29 L31	https://lambrino.co.uk/products/british-raf-60s-1949-pattern-battledress-trousers-w
y	new	British RAF 1960s Dress Trousers	Trousers / Coveralls	1				British Royal Air Force 60s Dress Trousers - W32 L27	https://lambrino.co.uk/products/british-royal-air-force-60s-dress-trousers
y	new	British RAF 1960s Khaki Drill Trousers	Trousers / Coveralls	1				British Army / RAF 60s Khaki Drill Trousers - W35 L30	https://lambrino.co.uk/products/british-army-raf-60s-khaki-drill-trousers
y	new	British RAF 1970s Blue Grey Dress Trousers	Trousers / Coveralls	2				British RAF 72 Pattern Blue-Grey Dress Trousers - W30 L28	https://lambrino.co.uk/products/british-raf-72-pattern-blue-grey-dress-trousers
y	new	British RAF 1970s Lightweight Blue Grey Dress Trousers	Trousers / Coveralls	1				British RAF 72 Pattern Lightweight Blue-Grey Dress Trousers - W34 L32	https://lambrino.co.uk/products/british-raf-72-pattern-lightweight-blue-grey-dress-trousers
y	new	British RAF 1970s No.5 Mess Dress Trousers	Trousers / Coveralls	1				British Royal Air Force RAF No. 5 Mess Dress Trousers - 1970s	https://lambrino.co.uk/products/british-royal-air-force-raf-mess-dress-trousers-officers-1970s
y	new	British RAF 1970s Women's Lightweight Blue Grey Dress Trousers	Trousers / Coveralls	1				British RAF Women's 72 Pattern Lightweight Blue-Grey Dress Trousers - W30 L31	https://lambrino.co.uk/products/british-raf-womens-72-pattern-lightweight-blue-grey-dress-trousers
y	new	British RAF 1980s Women's Dress Skirt	Trousers / Coveralls	1				British Royal Air Force 80s Women's Dress Skirt - W26 W23	https://lambrino.co.uk/products/british-royal-air-force-vintage-womens-dress-skirt
y	new	British Royal Marines 0000s 1960's No.1 Dress Tweed Trousers	Trousers / Coveralls	1	date-unknown			British Royal Marines 1960's No 1 Dress Tweed Trousers - W28 L27	https://lambrino.co.uk/products/british-royal-marines-1960s-no-1-dress-trousers
y	new	British Royal Marines 0000s Lovat Green Barrack Dress Trousers	Trousers / Coveralls	1	date-unknown			British Royal Marines Lovat Green Barrack Dress Trousers	https://lambrino.co.uk/products/british-royal-marines-lovat-green-barrack-dress-trousers
y	new	British Royal Marines 0000s Lovat Green No.1B 1C Dress Trousers	Trousers / Coveralls	1	date-unknown			British Royal Marines Lovat Green No. 1B / 1C Dress Trousers	https://lambrino.co.uk/products/british-royal-marines-lovat-green-no-1b-1c-dress-trousers
y	new	British Royal Marines 0000s No.1 Blues Dress Trousers	Trousers / Coveralls	9	date-unknown			British Royal Marines No1 Blues Dress Trousers - W29 L31	https://lambrino.co.uk/products/british-royal-marines-no1-blues-dress-trousers-w-6
y	new	British Royal Marines 0000s No.1 Dress Trousers	Trousers / Coveralls	6	date-unknown			British Royal Marines No 1 Dress Trousers - W34 L31	https://lambrino.co.uk/products/british-royal-marines-no-1-dress-trousers-4
y	new	British Royal Navy 0000s 104S Officer's No.1B Dress Trousers	Trousers / Coveralls	1	date-unknown			British Royal Navy Officer's  No 1B Dress Trousers - W41 L30 104S	https://lambrino.co.uk/products/british-royal-navy-no-1-dress-trousers
y	new	British Royal Navy 0000s AMR Denim Work Blue Coveralls	Trousers / Coveralls	2	date-unknown			British Royal Navy AMR Denim Work Coveralls Navy Blue - Medium	https://lambrino.co.uk/products/british-royal-navy-amr-denim-work-coveralls-navy-blue-1
y	new	British Royal Navy 0000s AWD FR Combat Trousers	Trousers / Coveralls	1	date-unknown,fabric-unknown			British Royal Navy AWD FR Combat Trousers - W32 L28	https://lambrino.co.uk/products/british-royal-navy-awd-fr-combat-trousers
y	new	British Royal Navy 0000s Combat Trousers	Trousers / Coveralls	1	date-unknown			British Royal Navy Combat Trousers - W30 L30	https://lambrino.co.uk/products/british-royal-navy-combat-trousers
y	new	British Royal Navy 0000s Cotton Blend Work Blue Coveralls	Trousers / Coveralls	1	date-unknown			British Royal Navy Cotton Blend Work Coveralls Navy Blue - Medium 180/100	https://lambrino.co.uk/products/british-royal-navy-cotton-blend-work-coveralls-navy-blue
y	new	British Royal Navy 0000s Cotton Working Dress Trousers	Trousers / Coveralls	7	date-unknown			British Royal Navy Cotton Working Dress Trousers - W36 L30.5	https://lambrino.co.uk/products/british-royal-navy-cotton-working-dress-trousers-4
y	new	British Royal Navy 0000s FR 22 Rig Combat Trousers	Trousers / Coveralls	2	date-unknown,fabric-unknown			British Royal Navy FR 22 Rig Combat Trousers - W33 L31	https://lambrino.co.uk/products/british-royal-navy-fr-22-rig-combat-trousers-w
y	new	British Royal Navy 0000s FR Combat Trousers	Trousers / Coveralls	30	date-unknown,fabric-unknown			British Royal Navy FR Combat Trousers - W34 L29.5	https://lambrino.co.uk/products/british-royal-navy-fr-combat-trousers-25
y	new	British Royal Navy 0000s FR Operational Combat Trousers	Trousers / Coveralls	1	date-unknown,fabric-unknown			British Royal Navy FR Operational Combat Trousers - W34 L29	https://lambrino.co.uk/products/british-royal-navy-fr-operational-combat-trousers
y	new	British Royal Navy 0000s FR Rig 22 Combat Trousers	Trousers / Coveralls	1	date-unknown,fabric-unknown			British Royal Navy FR Rig 22 Combat Trousers - W36 L31	https://lambrino.co.uk/products/british-royal-navy-fr-rig-22-combat-trousers
y	new	British Royal Navy 0000s Lovat Dress Trousers	Trousers / Coveralls	4	date-unknown			British Royal Navy Royal Marines Vintage Lovat Dress Trousers - W29 L30	https://lambrino.co.uk/products/british-royal-navy-royal-marines-vintage-lovat-dress-trousers
y	new	British Royal Navy 0000s No.1 AW Dress Trousers	Trousers / Coveralls	1	date-unknown			British Royal Navy No. 1 AW Dress Trousers - W36 L27	https://lambrino.co.uk/products/british-royal-navy-no-1-aw-dress-trousers
y	new	British Royal Navy 0000s Officer's White Class I Class III Dress Trousers	Trousers / Coveralls	1	date-unknown			British Royal Navy Officer's White Class I & Class III Dress Trousers - W34 L30.5	https://lambrino.co.uk/products/british-royal-navy-officers-white-class-i-class-iii-dress-trousers
y	new	British Royal Navy 0000s Officer's White No.1 AW Dress Trousers	Trousers / Coveralls	1	date-unknown			British Royal Navy Officer's White No. 1 AW Dress Trousers - W32 L28	https://lambrino.co.uk/products/british-royal-navy-officers-white-no-1-aw-dress-trousers
y	new	British Royal Navy 0000s Olive Upper Deck Trousers	Trousers / Coveralls	1	date-unknown			British Royal Navy Olive Upper Deck Trousers - W42 XL	https://lambrino.co.uk/products/british-royal-navy-olive-upper-deck-trousers
y	new	British Royal Navy 0000s Poly Cotton Working Dress Trousers	Trousers / Coveralls	5	date-unknown			British Royal Navy Poly-Cotton Working Dress Trousers - W32 L30.5	https://lambrino.co.uk/products/british-royal-navy-poly-cotton-working-dress-trousers-2
y	new	British Royal Navy 0000s Wet Weather MVP Waterproof Trousers	Trousers / Coveralls	4	date-unknown,fabric-unknown			British Royal Navy Wet Weather MVP Waterproof Trousers - W34 L31.5	https://lambrino.co.uk/products/british-royal-navy-wet-weather-mvp-waterproof-trousers-w
y	new	British Royal Navy 0000s White Dress Polyester Shorts	Trousers / Coveralls	2	date-unknown			British Royal Navy White Dress Shorts - W33 190/88	https://lambrino.co.uk/products/british-royal-navy-white-dress-shorts-1
y	new	British Royal Navy 0000s White Dress Viscose Shorts	Trousers / Coveralls	5	date-unknown			British Royal Navy White Dress Shorts - W32 180/84	https://lambrino.co.uk/products/british-royal-navy-white-dress-shorts-6
y	new	British Royal Navy 0000s Women's Black No.2B Mess Dress Senior Rates Skirt	Trousers / Coveralls	1	date-unknown			British Royal Navy Women's Black No. 2B Mess Dress Senior Rates Skirt - W41 L43	https://lambrino.co.uk/products/british-royal-navy-womens-black-no-2b-mess-dress-senior-rates-skirt
y	new	British Royal Navy 0000s Women's No.1 Class 1 Dress Black Skirt	Trousers / Coveralls	1	date-unknown			British Royal Navy Women's No. 1 Class 1 Dress Black Skirt - W32 L26	https://lambrino.co.uk/products/british-royal-navy-womens-officers-no-1-no-3b-dress-black-skirt-w
y	new	British Royal Navy 0000s Women's No.1B Dress Class I Black Skirt	Trousers / Coveralls	2	date-unknown			British Royal Navy Women's No. 1B Dress Class I Black Skirt - W31 L26	https://lambrino.co.uk/products/british-royal-navy-womens-no-1b-dress-class-i-black-skirt
y	new	British Royal Navy 0000s Women's Officer's No.1 No.3B Dress Black Skirt	Trousers / Coveralls	3	date-unknown			British Royal Navy Women's Officer's No. 1 & No. 3B Dress Black Skirt - W28	https://lambrino.co.uk/products/british-royal-navy-womens-officers-no-1-no-3b-dress-black-skirt-w-1
y	new	British Royal Navy 0000s Women's Officer's No.3 Officer's Class 1 Dress Black Skirt	Trousers / Coveralls	2	date-unknown			British Royal Navy Women's Officer's No. 3 & Officer's Class 1 Dress Black Skirt - W29	https://lambrino.co.uk/products/british-royal-navy-womens-officers-no-3-officers-class-1-dress-black-skirt-w
y	new	British Royal Navy 0000s Women's WRNS Diagonal Serge Skirt	Trousers / Coveralls	1	date-unknown			British Royal Navy Women's WRNS Diagonal Serge Skirt - W31	https://lambrino.co.uk/products/british-royal-navy-womens-wrns-diagonal-serge-skirt
y	new	British Royal Navy 0000s Women's White Class II Flared Trousers	Trousers / Coveralls	2	date-unknown			British Royal Navy Women's White Class II Flared Trousers - W30 L29	https://lambrino.co.uk/products/british-royal-navy-womens-white-class-ii-flared-trousers
y	new	British Royal Navy 0000s Women's White No.1 AW Dress Trousers	Trousers / Coveralls	1	date-unknown			British Royal Navy Women's White No. 1 AW Dress Trousers - W36 L29.5	https://lambrino.co.uk/products/british-royal-navy-womens-white-no-1-aw-dress-trousers
y	new	British Royal Navy 1950s Bibbed Dungarees Salopettes	Trousers / Coveralls	3				British Royal Navy 50s Salopettes Bibbed Dungarees - W38 L29	https://lambrino.co.uk/products/british-royal-navy-50s-salopettes-bibbed-dungarees
y	new	British Royal Navy 1950s Merchant Blue Tropical Shorts	Trousers / Coveralls	1				British Merchant Navy 50s Blue Tropical Shorts - W39	https://lambrino.co.uk/products/british-merchant-navy-50s-blue-tropical-shorts
y	new	British Royal Navy 1950s Merchant CC41 Tropical White Trousers	Trousers / Coveralls	1				British Merchant Navy 40s 50s CC41 Tropical White Trousers - W40 L31	https://lambrino.co.uk/products/british-merchant-navy-50s-tropical-white-trousers-4
y	new	British Royal Navy 1950s Merchant Tropical Cream Trousers	Trousers / Coveralls	3				British Merchant Navy 50s Tropical Cream Trousers - W38 L30.5	https://lambrino.co.uk/products/british-merchant-navy-50s-tropical-cream-trousers-w-2
y	new	British Royal Navy 1950s Merchant Tropical White Shorts	Trousers / Coveralls	11				British Merchant Navy 50s Tropical White Shorts - W42	https://lambrino.co.uk/products/british-merchant-navy-50s-tropical-white-shorts-5
y	new	British Royal Navy 1950s Merchant Tropical White Trousers	Trousers / Coveralls	8				British Merchant Navy 50s Tropical White Trousers - W38 L31	https://lambrino.co.uk/products/british-merchant-navy-50s-tropical-white-trousers-w-1
y	new	British Royal Navy 1980s Blue Cotton PT Shorts	Trousers / Coveralls	1				British Royal Navy 80s Navy Blue Cotton PT Shorts - W35	https://lambrino.co.uk/products/british-royal-navy-80s-navy-blue-cotton-pt-shorts
y	new	British Royal Navy 1980s No.7 Mess Dress Trousers	Trousers / Coveralls	1				British Royal Navy 80s No. 7 Mess Dress Trousers - W42 L27	https://lambrino.co.uk/products/british-royal-navy-80s-no-7-mess-dress-trousers
y	new	British Royal Navy 1990s White Cotton PT Shorts	Trousers / Coveralls	1				British Royal Navy 90s White Cotton PT Shorts - W34	https://lambrino.co.uk/products/british-royal-navy-90s-white-cotton-pt-shorts
y	new	British Tri-Services 0000s Blue PTI Shorts	Trousers / Coveralls	10	date-unknown			British Army / Tri-Services Navy Blue PTI Shorts - W37	https://lambrino.co.uk/products/british-army-tri-services-navy-blue-pti-shorts-w37-1
y	new	British Tri-Services 0000s Blue PTI Tracksuit Trousers	Trousers / Coveralls	13	date-unknown			British Army / Tri-Services Navy Blue PTI Tracksuit Trousers - W32 L29	https://lambrino.co.uk/products/british-army-tri-services-navy-blue-pti-tracksuit-trousers-w-5
y	new	British Tri-Services 0000s PT Shorts	Trousers / Coveralls	1	date-unknown			British Army / Tri-Services PT Shorts - Large	https://lambrino.co.uk/products/british-army-tri-services-pti-shorts-1
y	new	British Tri-Services 0000s PTI Shorts	Trousers / Coveralls	2	date-unknown			British Army / Tri-Services PTI Shorts - Medium	https://lambrino.co.uk/products/british-army-tri-services-pti-shorts-medium
y	new	British Tri-Services 0000s White PTI Shorts	Trousers / Coveralls	1	date-unknown			British Army / Tri-Services White PTI Shorts	https://lambrino.co.uk/products/british-army-tri-services-white-pti-shorts
y	new	British Tri-Services 0000s Women's Blue PTI Shorts	Trousers / Coveralls	2	date-unknown			British Army / Tri-Services Women's Navy Blue PTI Shorts - W25	https://lambrino.co.uk/products/british-army-tri-services-womens-navy-blue-pti-shorts-w25
y	new	British Tri-Services 0000s Women's White PTI Shorts	Trousers / Coveralls	1	date-unknown			British Army / Tri-Services Women's White PTI Shorts	https://lambrino.co.uk/products/british-army-tri-services-womens-white-pti-shorts
